0,житель благовещенска обнаружил в хлебе кусок тряпки,2019-02-01 18:47:17,168019671,[]
1,в благовещенске при странных обстоятельствах найден труп мужчины,2019-02-01 18:44:47,168019671,[]
2,ребята где можно купить вот такого типа комнатные фонтанчики раньше их было много у китайцев а сейчас даже на алиэкспрессе нет,2019-02-01 16:31:23,168019671,[]
3,в амурской области построят первую в россии гибридную солнечную электростанцию,2019-01-31 01:39:00,168019671,[]
4,благовещенск проснись,2019-01-30 13:00:12,168019671,[]
5,на тайване двое благовещенцев пытались обокрасть новый супермаркет но их задержала охрана,2019-01-30 11:24:47,168019671,[]
6,военным инженерам удалось пробить протоку в заторе на реке бурея,2019-01-30 11:18:30,168019671,[]
7,разыгрывается смартфон,2019-01-29 11:10:39,168019671,[]
8,,2019-01-29 04:00:00,168019671,
9,,2019-01-29 01:40:23,168019671,
10,,2019-01-28 19:13:56,168019671,
11,в белогорске провалился асфальт на том же месте где и год назад,2019-01-28 14:51:08,168019671,[]
12,в свободном тяжелая техника повредила теплотрассу во время работ с канализацией,2019-01-28 10:54:18,168019671,[]
13,бодро удирающая косулька серышевский район кстати зима для амурской косули складывается очень удачно снега мало да еще и охота запрещена косульки даже успели немножко расслабиться и ведут себя более спокойно чем обычно,2019-01-28 10:29:02,168019671,[]
14,жители благовещенска парень и девушка снимают квартиры на сутки и сдают другим людям на длительный срок,2019-01-28 10:16:46,168019671,[]
15,в тынде неизвестные подожгли новый лифт в жилом доме,2019-01-28 10:15:05,168019671,[]
16,,2019-01-28 00:47:43,168019671,
17,авария на остановке свободная калинина,2019-01-28 00:47:41,168019671,[]
18,в благовещенске на калинина горького сбили мужчину пешехода,2019-01-27 17:00:02,168019671,[]
19,фото степанов слава,2019-01-27 13:43:38,168019671,[]
20,бэйдер нокаутировал емельяненко на первой минуте чемпионского боя,2019-01-27 10:21:14,168019671,[]
21,какой мессенджер вы используете,2019-01-26 22:08:39,168019671,[]
22,пранкеры или моржи двое парней скатились с благовещенской горки в трусах,2019-01-26 20:28:55,168019671,[]
23,там где зея впадает в амур,2019-01-26 20:19:16,168019671,[]
24,в свободненском магазине заметили говяжью печень срок хранения которой лет,2019-01-26 15:20:18,168019671,[]
25,во владивостоке сейчас жарко несмотря на зиму здесь начался полуфинал конкурса лидеры россии на который собрались управленцев из регионов дальневосточного федерального округа в том числе из амурской области чтобы в напряженной конкурентной борьбе завоевать себе право на выход в финал,2019-01-26 08:00:02,168019671,[]
26,,2019-01-25 14:34:23,168019671,
27,небольшое пояснение насчет бомбы история очевидно фейк,2019-01-25 09:10:43,168019671,[]
28,в благовещенске массово эвакуируют людей из школ университетов и торговых центров,2019-01-25 09:06:41,168019671,[]
29,,2019-01-25 08:00:08,168019671,
30,однажды москвич посетивший благовещенск спросил,2019-01-25 06:00:03,168019671,[]
31,сегодня в благовещенске скорость ветра составит метров в секунду,2019-01-25 02:00:01,168019671,[]
32,утренний благовещенск,2019-01-25 00:29:59,168019671,[]
33,когда не дождался строительства моста и поехал в хэйхэ,2019-01-24 23:59:53,168019671,[]
34,,2019-01-24 23:51:30,168019671,
35,фото степанов слава,2019-01-24 23:05:00,168019671,[]
36,,2019-01-24 13:42:09,168019671,
37,владелец приюта дружок вячеслав золотарев который заморил голодом животных и уехал отдыхать задержан на границе,2019-01-24 11:10:13,168019671,[]
38,в микрорайоне благовещенска целый квартал залило холодной водой,2019-01-24 10:48:30,168019671,[]
39,в благовещенске школьник пожаловался что старшеклассники насильно остригли ему волосы,2019-01-24 10:47:08,168019671,[]
40,в приамурье организации удалось заключить договор на вывоз мусора не по нормативу а по фактическому объему,2019-01-24 10:43:58,168019671,[]
41,гавриило архангельский мужской монастырь,2019-01-23 23:05:00,168019671,[]
42,приют дружок в амурской области оказался камерой пыток,2019-01-23 18:56:30,168019671,[]
43,доча ты главное шапку надень,2019-01-23 08:05:05,168019671,[]
44,,2019-01-23 05:05:00,168019671,
45,,2019-01-23 04:05:00,168019671,
46,,2019-01-23 03:05:00,168019671,
47,,2019-01-23 02:05:00,168019671,
48,взрыв затора на бурее не привел к чс в расположенном ниже по течению поселке в приамурье,2019-01-23 01:41:17,168019671,[]
49,в благовещенске продают однокомнатную квартиру почти за миллионов рублей,2019-01-23 01:22:51,168019671,[]
50,доброе утро,2019-01-23 01:22:33,168019671,[]
51,,2019-01-23 01:18:50,168019671,
52,,2019-01-23 01:11:49,168019671,
53,фото степанов слава,2019-01-22 23:05:00,168019671,[]
54,благовещенские дрифтеры устроили гонки напротив здания правительства,2019-01-22 14:52:15,168019671,[]
55,,2019-01-22 14:50:29,168019671,
56,доброе утро внимание опрос,2019-01-22 02:05:00,168019671,[]
57,,2019-01-21 23:45:09,168019671,
58,общественно культурный центр в народе бастилия,2019-01-21 23:05:01,168019671,[]
59,тони арк,2019-01-21 17:11:47,168019671,[]
60,фото степанов слава,2019-01-21 16:56:25,168019671,[]
61,ученые ситуация во время взрывных работ на бурее в любой момент может выйти из под контроля,2019-01-21 12:48:31,168019671,[]
62,наклейка это бесплатные масло в двигатель фильтр и их замена пожизненно,2019-01-21 10:07:00,168019671,[]
63,житель благовещенска купил в супермаркете рис с насекомыми,2019-01-21 10:06:44,168019671,[]
64,благовещенцев призывают не оплачивать картами проезд в городских автобусах,2019-01-21 10:03:34,168019671,[]
65,совпадение не думаю,2019-01-21 09:28:51,168019671,[]
66,,2019-01-21 02:00:00,168019671,
67,как вы относитесь к владельцам домашних животных в частности собак которые не убирают испражнения своих любимцев на улице,2019-01-20 16:40:37,168019671,[]
68,различия между простудой орви и гриппом возьмите на заметку друзья будьте здоровы и не болейте,2019-01-20 16:27:46,168019671,[]
69,в благовещенске водитель устроил дрифт на территории азс,2019-01-20 11:58:24,168019671,[]
70,амурчане активно подписывают петицию призывающую наказать виновных в гибели собак из приюта дружок,2019-01-20 01:08:56,168019671,[]
71,инженерные войска провели пробные подрывы на бурейском водохранилище,2019-01-20 01:07:00,168019671,[]
72,жительница белогорска лишилась миллиона рублей вложившись в ненастоящую торговую платформу,2019-01-20 01:04:36,168019671,[]
73,блага ты просто космос,2019-01-20 00:56:39,168019671,[]
74,улица ленина,2019-01-19 23:05:01,168019671,[]
75,специалисты после подрыва затора на бурее в хабаровском крае может образоваться волна высотой метра,2019-01-19 04:05:00,168019671,[]
76,,2019-01-19 02:00:00,168019671,
77,когда ночью в белогорске похвастался новым,2019-01-19 00:40:09,168019671,[]
78,фото степанов слава,2019-01-19 00:38:22,168019671,[]
79,в минздраве поддержали идею о продаже алкоголя и табака в спецмагазинах,2019-01-18 14:05:26,168019671,[]
80,,2019-01-18 13:33:48,168019671,
81,,2019-01-18 13:08:34,168019671,
82,нашли ошибку,2019-01-18 13:00:07,168019671,[]
83,январские скидки в для вашего автомобиля,2019-01-18 11:00:06,168019671,[]
84,как улучшить города амурской области и весь дальний восток,2019-01-18 01:57:58,168019671,[]
85,в благовещенске машина с московскими номерами припарковалась на тротуаре,2019-01-18 01:57:07,168019671,[]
86,владельцы потерянных питомцев ищут их среди собак чигиринского приюта,2019-01-18 01:54:12,168019671,[]
87,,2019-01-18 01:50:05,168019671,
88,,2019-01-18 01:46:32,168019671,
89,,2019-01-18 01:42:28,168019671,
90,,2019-01-18 00:05:00,168019671,
91,набережная,2019-01-17 21:46:45,168019671,[]
92,,2019-01-17 13:20:40,168019671,
93,возле свободного загорелся автобус,2019-01-17 12:20:48,168019671,[]
94,фактов о пян се о которых ты скорее всего не знал,2019-01-17 12:05:03,168019671,[]
95,есть ли в нашем городе книжные клубы активные если нет то я хотела бы создать чтобы можно было обмениваться книгами общаться знакомиться по интересам,2019-01-17 10:33:46,168019671,[]
96,здравствуйте подскажите пожалуйста в каком сервисе благовещенска лучше всего произвести полную диагностику автомобиля перед покупкой,2019-01-17 10:33:32,168019671,[]
97,,2019-01-17 07:05:08,168019671,
98,,2019-01-17 04:00:01,168019671,
99,,2019-01-17 03:14:00,168019671,
100,,2019-01-17 02:00:01,168019671,
101,,2019-01-17 01:37:50,168019671,
102,владелец благовещенского приюта где нашли мертвых собак ранее получил от властей более млн рублей,2019-01-17 01:30:10,168019671,[]
103,благовещенск сквозь время павел гранкин,2019-01-17 01:27:56,168019671,[]
104,доброе утро поиграем,2019-01-17 01:08:31,168019671,[]
105,,2019-01-17 00:05:12,168019671,
106,в чигиринском приюте дружок обнаружены обглоданные трупы собак,2019-01-16 23:36:38,168019671,[]
107,зейские спасатели спасли двух собак,2019-01-16 05:27:00,168019671,[]
108,скоро будет так,2019-01-16 01:41:27,168019671,[]
109,лиса поселившаяся в завитинске покусала несколько собак,2019-01-16 01:29:34,168019671,[]
110,в шимановске будут судить педофила который напоил восьмилетнюю девочку и снимал насилие на камеру,2019-01-16 01:25:29,168019671,[]
111,мчс выходить на лед бурейского водохранилища крайне опасно,2019-01-16 01:21:06,168019671,[]
112,доброе утро,2019-01-16 01:10:26,168019671,[]
113,,2019-01-16 00:40:33,168019671,
114,бизнесмены предлагают ввести налог на выезд из россии,2019-01-15 18:21:36,168019671,[]
115,благовещенск проснись,2019-01-15 13:00:07,168019671,[]
116,путин подписал указ о едином мусорном операторе россии,2019-01-15 02:13:30,168019671,[]
117,в госдуму внесли законопроект об установке систем оповещения об утечке газа в домах,2019-01-15 02:13:14,168019671,[]
118,благовещенск года,2019-01-15 01:45:11,168019671,[]
119,интересные факты о благовещенске,2019-01-15 01:35:17,168019671,[]
120,в благовещенске машина сбила девятилетнего мальчика,2019-01-14 15:49:55,168019671,[]
121,подскажите пожалуйста есть ли группы в вк где все мастера по ресничкам маникюра волос и т п,2019-01-14 15:47:03,168019671,[]
122,зимняя столовая в иверском заказнике свободненский район,2019-01-14 15:46:45,168019671,[]
123,тындинский врач помог пациенту с медосмотром за деньги,2019-01-14 01:48:09,168019671,[]
124,расписание работы благовещенских катков,2019-01-13 15:34:32,168019671,[]
125,здравствуйте жители благовещенска я из п чернышевск забайкальского края у нас возле супермаркета читинка появился дедушка который просил деньги на еду пообщавшись с ним узнал что его ограбили отобрали документы и деньги говорит что проживал в благовещенске работал водителем развелся с женой сейчас побирается ночует на вокзале подъездах и супермаркете его зовут савватеев владимир иванович его бывшую жену грицук надежда сергеевна проживает по улице лет октября вдруг кто то ее знает передайте что владимир иванович с радостью бы вернулся к ней,2019-01-13 13:52:35,168019671,[]
126,пресс служба главы белогорска летний кирилл не хотел возвращаться в родное село и ушел из дома,2019-01-13 12:06:01,168019671,[]
127,интересные факты о благовещенске,2019-01-13 03:20:08,168019671,[]
128,что вы едите на завтрак,2019-01-13 03:08:57,168019671,[]
129,ожившая в морге белогорска женщина скончалась в реанимации,2019-01-13 03:06:55,168019671,[]
130,доброе утро благовещенск,2019-01-13 02:59:08,168019671,[]
131,прекрасная зимняя ондатра вышла из хатки подышать свежим воздухом воскресеновский заказник серышевский район в отличии от всяких ленивых барсуков и медведей ондатры зимой не спят а только слегка дремлют,2019-01-13 02:51:55,168019671,[]
132,последняя информация,2019-01-13 02:47:16,168019671,[]
133,в белогорске пропал летний мальчик,2019-01-13 02:44:03,168019671,[]
134,,2019-01-12 16:10:56,168019671,
135,в благовещенске на улице догоняли вора,2019-01-12 11:48:41,168019671,[]
136,,2019-01-12 11:14:40,168019671,
137,фото,2019-01-12 10:58:46,168019671,[]
138,есть в центре города бизнес центр норд я туда ребенка на развивающие занятия вожу как зловонная язва на теле расположена на цокольном этаже здания пивнушка по всей видимости в этом заведении общепита отсутствует туалет разве это не нарушение санпин как иначе объяснить мутные пятна мочи по всему периметру здания какие службы в городе могут выписать штраф виновным это сейчас зима все внутренние излияния быстро замерзают а вот весной все таять начнет,2019-01-12 10:55:35,168019671,[]
139,,2019-01-12 10:51:56,168019671,
140,где в благовещенске можно купить фитолампу,2019-01-12 10:48:46,168019671,[]
141,на какой фильм рекомендуете сходить в эти выходные,2019-01-12 01:58:28,168019671,[]
142,в чем главная проблема вашего двора,2019-01-12 01:29:15,168019671,[]
143,когда действительно повезло,2019-01-11 14:33:16,168019671,[]
144,в снежном городке благовещенска вандалы разрушили несколько фигур,2019-01-11 02:09:14,168019671,[]
145,в здании железнодорожного вокзала тынды в этом году появится,2019-01-11 02:07:35,168019671,[]
146,программа мероприятий на выходные,2019-01-11 02:04:06,168019671,[]
147,подрядчика космодрома восточный задержали в аэропорту при попытке выезда во вьетнам,2019-01-11 02:02:56,168019671,[]
148,здравствуйте можете подсказать хорошую парикмахерскую в городе где умеют делать неплохие прически,2019-01-11 01:53:07,168019671,[]
149,допустим что завтра вы станете президентом россии что будете предпринимать чтобы улучшить жизнь граждан россии,2019-01-10 19:58:40,168019671,[]
150,летняя женщина инвалид детства эпилепсия лет ждала жилищный сертификат на квартиру проживая в селе но в последний момент получила отказ от администрации,2019-01-10 18:36:22,168019671,[]
151,,2019-01-10 17:20:33,168019671,
152,фото,2019-01-10 12:08:32,168019671,[]
153,полицейский с рублевки новогодний беспредел,2019-01-10 12:02:57,168019671,[]
154,добрый день уважаемые подскажите где в благовещенске можно починить детскую коляску заменить колесо заранее спасибо,2019-01-10 11:58:13,168019671,[]
155,в приамурье дети облюбовали горку из нечистот,2019-01-09 16:10:29,168019671,[]
156,,2019-01-09 14:55:09,168019671,[]
157,курьезная погоня амурские охотники погнались за охотоведами и полицейскими,2019-01-09 01:29:20,168019671,[]
158,в пригороде благовещенска роскошная иномарка съехала в кювет,2019-01-09 01:25:16,168019671,[]
159,ура дождались,2019-01-09 01:23:51,168019671,[]
160,в приамурье в дтп погибли водитель и его летняя пассажирка,2019-01-09 01:22:27,168019671,[]
161,,2019-01-08 18:45:37,168019671,
162,чего вам не хватает в вашем городе,2019-01-08 01:00:22,168019671,[]
163,мы поддались новогоднему ажиотажу вдохновились вами летящими на самой высокой скорости за подарками да и коржик не смог остаться в стороне,2019-01-07 05:01:08,168019671,[]
164,амурчане вновь одержали победу на международном конкурсе ледяной скульптуры в харбине,2019-01-07 02:32:55,168019671,[]
165,первое воскресенье года будет в приамурье солнечным,2019-01-07 02:31:18,168019671,[]
166,в свободном вандалы второй раз за каникулы порезвились в ледовом городке,2019-01-07 02:30:17,168019671,[]
167,на м километре трассы зея снежногорский произошло смертельное дтп,2019-01-07 02:28:23,168019671,[]
168,кто нибудь знает вышел ли на свободу иван тарасов житель поселка моховая падь убивший и расчленивший в году свою соседку,2019-01-06 14:51:27,168019671,[]
169,сегодня работает каток на стадионе амур,2019-01-05 11:20:30,168019671,[]
170,мы поддались новогоднему ажиотажу вдохновились вами летящими на самой высокой скорости за подарками да и коржик не смог остаться в стороне,2019-01-05 06:00:03,168019671,[]
171,я приезжая можете пожалуйста подсказать где есть основной магазин китайской национальности ну китайские вещички и подобное с уважением заранее спасибо,2019-01-04 17:18:52,168019671,[]
172,авария улица лазо зейская,2019-01-03 15:24:29,168019671,[]
173,,2019-01-03 11:11:11,168019671,
174,посетитель супермаркета в свободном уснул в тележке а после устроил погром,2019-01-03 02:07:05,168019671,[]
175,жительница благовещенска заподозрила в обмане продуктовый магазин,2019-01-03 02:04:02,168019671,[]
176,подскажите пожалуйста а острова января открыты если не сложно подскажите так батутный центр юрский парк открыт,2019-01-02 09:50:35,168019671,[]
177,мы поддались новогоднему ажиотажу вдохновились вами летящими на самой высокой скорости за подарками да и коржик не смог остаться в стороне,2019-01-02 04:00:02,168019671,[]
178,,2019-01-01 22:00:07,168019671,
179,сегодня в благовещенске сгорел автобус маршрута,2019-01-01 17:26:30,168019671,[]
180,мой брат нашел на улице фейрверк весь вечер просил пойти взорвать ну мы с отчимом пошли мы отшоли по дальше а отчим остался поджигать в итоге ему попало в лицо сейчас ждем скорую обращаюсь ко всем не нужно всяку ерунду взрывать если вы найдете что ли бо взрывоопасное на улице или ваши дети не берите это,2019-01-01 16:20:21,168019671,[]
181,благовещенск проснись,2019-01-01 13:00:01,168019671,[]
182,какие цены на бензин в благе,2018-12-31 00:26:45,168019671,[]
183,во сколько декабря на площади салют всех с наступающим,2018-12-31 00:26:42,168019671,[]
184,глава приамурья о причинах заражения детей гепатитом с врачи многократно использовали одноразовые перчатки,2018-12-26 18:36:38,168019671,[]
185,доброго всем времени суток,2018-12-24 19:06:42,168019671,[]
186,здравствуйте подскажите пожалуйста,2018-12-24 14:19:17,168019671,[]
187,,2018-12-24 01:25:10,168019671,
188,,2018-12-24 01:24:55,168019671,
189,благовещенск проснись,2018-12-23 13:00:03,168019671,[]
190,до нового года осталось дней уже готовитесь,2018-12-23 01:44:02,168019671,[]
191,здраствуйте кто нибудь едет в близжайшие дни с благи в тынду на машине,2018-12-23 01:43:40,168019671,[]
192,благовещенцы сняли на видео как в тц ледяной лопается пол,2018-12-22 17:08:58,168019671,[]
193,темный новогодний редкий но доступный,2018-12-21 16:20:00,168019671,[]
194,мусорную реформу в амурской области отложили на три месяца до апреля года,2018-12-21 03:37:39,168019671,[]
195,читатель асн обнаружил в благовещенске незаконно установленный дорожный знак,2018-12-21 03:36:00,168019671,[]
196,,2018-12-21 03:34:55,168019671,
197,,2018-12-21 03:32:32,168019671,
198,большая пресс конференция владимира путина прямая трансляция,2018-12-20 12:12:05,168019671,[]
199,у нас конкурс,2018-12-19 11:12:57,168019671,[]
200,всем привет расскажите пожалуйста как проходит новогодняя ночь на площади набережной всем заранее спасибо и с наступающим,2018-12-19 10:06:58,168019671,[]
201,доброе утро,2018-12-19 02:47:14,168019671,[]
202,всем привет где у нас продают елки именно в помещении а не на улице раньше был магазин на хлеб соли где сейчас матрешка куда он переехал,2018-12-19 02:46:43,168019671,[]
203,всем доброго дня люди подскажите где действительно смогут качественно заменить лобовое стекло на сайтах смотришь все такие спецы,2018-12-18 20:21:19,168019671,[]
204,ребят где можно в благовещенске вставить зубы желательно подишевле адрес можете скинуть заранее спасибо,2018-12-18 20:21:13,168019671,[]
205,благовещенск проснись,2018-12-18 13:32:34,168019671,[]
206,на амуре доктор который сделал пациентке перевязку скотчем стал и о главврача,2018-12-18 00:39:30,168019671,[]
207,,2018-12-17 13:06:32,168019671,
208,день добрый где можно приобрести карманные часы,2018-12-17 09:48:29,168019671,[]
209,где можно в настольные игры поиграть желательно вечером поздним вечером или на ночь,2018-12-16 14:57:48,168019671,[]
210,где в благе можно тату набить,2018-12-16 14:57:45,168019671,[]
211,,2018-12-16 14:57:34,168019671,
212,здравствуйте подскажите пожалуйста сады винзавода это жилой район стоит туда переезжать,2018-12-14 13:25:51,168019671,[]
213,в благовещенске уволили главврача горбольницы где пациентке сделали перевязку скотчем,2018-12-13 13:03:13,168019671,[]
214,в центре благовещенска произошло серьезное дтп,2018-12-10 07:45:06,168019671,[]
215,,2018-12-10 07:40:29,168019671,
216,,2018-12-10 07:35:40,168019671,
217,,2018-12-10 07:30:35,168019671,
218,,2018-12-10 07:27:19,168019671,
219,всем привет подскажите пожалуйста адрес где можно купить жидкость для генератора дыма в благе,2018-12-09 16:15:07,168019671,[]
220,подскажите пожалуйста когда откроют каток на стадионе амур,2018-12-09 12:33:40,168019671,[]
221,здравствуйте подскажите пожалуйста где можно недорого провести полную диагностику авто перед покупкой,2018-12-08 17:12:55,168019671,[]
222,,2018-12-08 10:30:07,168019671,
223,золотая осень в городе,2018-12-08 01:00:00,168019671,[]
224,в архаринском районе сожгли бизнесмена в его машине,2018-12-07 02:45:16,168019671,[]
225,амурские торговцы сожгли новогодние елки чтобы их продать,2018-12-07 02:32:37,168019671,[]
226,потеплело,2018-12-07 02:28:26,168019671,[]
227,мало того что на одной этикетке изготовлена а на другой так еще и срок годности до года т е год куру хранить можно вот это технологии,2018-12-06 13:16:52,168019671,[]
228,добрый вечер недавно переехали в ваш город цены конечно отличаются от самарской области в связи с этим возник вопрос есть ли здесь гипермаркеты вроде пятерочки и бывают ли там хорошие акции на продукцию благодарю всех откликнувшихся,2018-12-06 13:16:47,168019671,[]
229,здравствуйте не могли бы вы подсказать где в благовещенске можно отремонтировать гитару,2018-12-06 02:34:24,168019671,[]
230,доброе утро,2018-12-06 02:26:33,168019671,[]
231,,2018-12-06 02:20:02,168019671,
232,в зейском районе открыта ледовая переправа,2018-12-06 02:17:27,168019671,[]
233,,2018-12-06 02:15:25,168019671,
234,в детском саду райчихинска воспитательница обматерила одну из родительниц и пожелала ей скорейшей смерти,2018-12-06 02:03:48,168019671,[]
235,поиграем,2018-12-05 02:35:09,168019671,[]
236,,2018-12-05 02:12:44,168019671,
237,,2018-12-05 02:07:21,168019671,
238,,2018-12-05 02:03:13,168019671,
239,здравствуйте посоветуйте пожалуйста человека который может качественно обслужить пвх окна с наступлением холодов стало прохладно по ночам в квартире и с окон дует холодный воздух,2018-12-05 01:55:50,168019671,[]
240,благовещенск проснись,2018-12-04 15:50:04,168019671,[]
241,здравствуйте можете пожалуйста подсказать где есть в благовещенске студии по звукозаписи спасибо,2018-12-02 19:36:52,168019671,[]
242,,2018-12-01 22:43:04,168019671,
243,,2018-12-01 11:44:05,168019671,
244,гостиница россия,2018-12-01 04:47:00,168019671,[]
245,в белогорске за неуставные отношения осудили двух военнослужащих,2018-12-01 03:44:17,168019671,[]
246,родственники амурчанки сбитой насмерть мусоровозом в тынде мы до сих пор в шоке от приговора,2018-12-01 03:36:13,168019671,[]
247,в якутии иеромонах и экс директор православной гимназии получил лет тюрьмы за педофилию стало известно о эпизодах сексуального насилия над мальчиками младше лет,2018-11-30 03:45:11,168019671,[]
248,в благовещенске произошло жесткое дтп,2018-11-30 03:41:19,168019671,[]
249,,2018-11-30 03:37:29,168019671,
250,,2018-11-30 03:27:52,168019671,
251,список врачей благовещенска,2018-11-30 03:20:38,168019671,[]
252,,2018-11-29 11:59:55,168019671,
253,первым шагом на пути к успешной карьере может стать для школьников благовещенска олимпиада бельчонок этот масштабный интеллектуальный турнир включающий задания по самым разным предметам проводит один из самых престижных вузов россии сибирский федеральный университет,2018-11-29 11:00:11,168019671,[]
254,дело об убийстве тындинского таксиста дошло до суда,2018-11-29 01:19:22,168019671,[]
255,сентября год набережная благовещенска,2018-11-29 01:08:24,168019671,[]
256,здравствуйте подскажите пожалуйста батутные центры и цены,2018-11-28 09:49:44,168019671,[]
257,,2018-11-28 07:25:22,168019671,
258,,2018-11-28 07:16:13,168019671,
259,,2018-11-28 07:03:47,168019671,
260,цб банкам клиенты не обязаны информировать о назначении платежей и происхождении денег,2018-11-27 17:29:49,168019671,[]
261,памятник пограничнику на набережной,2018-11-27 01:00:00,168019671,[]
262,жители благовещенска района пушкина ленина сегодня с утра вокруг дома ул пушкина бегает эта собака вечером лежала в подъезде этого дома мальчик по породе похож на овчарку с намордником и ошейником распространите пожалуйста жалко песика,2018-11-26 21:26:32,168019671,[]
263,студенты благовещенского техникума сообщили о бомбе заложенной в колледже керчи том самом ради шутки,2018-11-26 12:59:16,168019671,[]
264,дом на набережной и детская площадка,2018-11-26 01:00:00,168019671,[]
265,благовещенск проснись,2018-11-25 13:00:03,168019671,[]
266,владельцы котов сфинксов которые провели на морозе дня сами позвонили волонтерам,2018-11-25 02:51:11,168019671,[]
267,доброе утро поиграем,2018-11-25 02:48:03,168019671,[]
268,на набережной,2018-11-25 02:00:00,168019671,[]
269,сочетания клавиш,2018-11-25 00:50:59,168019671,[]
270,тц мега,2018-11-24 00:45:37,168019671,[]
271,отголоски уходящего дня,2018-11-23 12:41:14,168019671,[]
272,благовещенец отобрал у прохожего телефон угрожая ему оружием,2018-11-23 03:50:22,168019671,[]
273,главный универсальный магазин торгового дома и я чурин и ко,2018-11-23 03:44:44,168019671,[]
274,открытие амурской железной дороги декабрь г благовещенск,2018-11-23 03:39:46,168019671,[]
275,,2018-11-22 12:14:16,168019671,
276,,2018-11-22 12:08:08,168019671,
277,,2018-11-22 11:53:33,168019671,
278,стела благовещенск,2018-11-22 01:30:18,168019671,[]
279,,2018-11-22 01:29:42,168019671,
280,,2018-11-22 01:22:03,168019671,
281,,2018-11-22 01:20:39,168019671,
282,скр возбудил дело после суицида летней девочки пожаловавшейся путину на нищету,2018-11-21 21:24:23,168019671,[]
283,,2018-11-21 16:55:38,168019671,
284,парк дружбы,2018-11-21 07:08:47,168019671,[]
285,житель благовещенска снял на видео свой обед из змеи,2018-11-21 02:42:40,168019671,[]
286,,2018-11-21 02:37:05,168019671,
287,,2018-11-21 02:31:47,168019671,
288,дополнение,2018-11-21 02:28:28,168019671,[]
289,прогулка по вечерней набережной,2018-11-21 02:00:00,168019671,[]
290,,2018-11-20 14:33:53,168019671,
291,специально для девчонок которые хотят жарко танцевать,2018-11-20 05:00:00,168019671,[]
292,сбежавшая с привязи британия устроила переполох в благовещенске,2018-11-20 02:26:46,168019671,[]
293,инцидент произошел утром ноября на улице больничной,2018-11-20 02:21:23,168019671,[]
294,в нашем городе осень,2018-11-20 01:00:00,168019671,[]
295,,2018-11-19 12:14:59,168019671,
296,стало известно как будет выглядеть новый плацкартный вагон ржд,2018-11-19 11:12:53,168019671,[]
297,расплескала краски осень,2018-11-19 01:00:00,168019671,[]
298,добрый день помогите пожалуйста хочу в китае сделать себе зубы но комментарии на сайтах только положительные меня это настораживает подскажите в хэйхэ далянчи какие поликлиники и возможно телефон благодарю,2018-11-18 11:15:50,168019671,[]
299,прогулка на закате,2018-11-18 02:00:00,168019671,[]
300,а какое домашнее животное у вас присылайте фото в комменты,2018-11-18 00:54:05,168019671,[]
301,,2018-11-17 11:24:16,168019671,
302,,2018-11-17 11:15:21,168019671,
303,хочешь научиться танцевать,2018-11-17 04:00:01,168019671,[]
304,в конце сентября на набережной,2018-11-17 02:00:00,168019671,[]
305,,2018-11-16 02:18:45,168019671,
306,,2018-11-16 02:18:40,168019671,
307,,2018-11-16 02:16:39,168019671,
308,,2018-11-16 02:14:30,168019671,
309,здесь начинается россия,2018-11-16 02:00:00,168019671,[]
310,благовещенск встречайте только до ноября парк роботов в родном городе,2018-11-16 01:00:00,168019671,[]
311,доброе утро,2018-11-15 23:50:00,168019671,[]
312,утро на набережной,2018-11-15 10:16:29,168019671,[]
313,,2018-11-15 02:11:16,168019671,
314,видео с места ночного дтп с наездом на школьника,2018-11-15 02:07:37,168019671,[]
315,,2018-11-15 02:05:16,168019671,
316,,2018-11-15 02:00:28,168019671,
317,набережная амура,2018-11-15 02:00:00,168019671,[]
318,дарим подарки самым активным участникам группы,2018-11-14 14:45:44,168019671,[]
319,на театральной сбили человека,2018-11-14 13:52:31,168019671,[]
320,с января года из китая можно будет привезти только килограммов товара,2018-11-14 11:30:01,168019671,[]
321,ночной город,2018-11-14 02:00:00,168019671,[]
322,на редкость нахальный волк повстречался рыбакам у реки томь в белогорском районе рыбаки удивились волк похоже ничуть,2018-11-14 00:12:53,168019671,[]
323,,2018-11-13 10:57:26,168019671,
324,река амур,2018-11-13 01:00:00,168019671,[]
325,диагностика ходовой части бесплатно,2018-11-12 14:00:15,168019671,[]
326,,2018-11-12 13:34:03,168019671,
327,,2018-11-12 13:23:31,168019671,
328,,2018-11-12 13:20:22,168019671,
329,,2018-11-12 13:13:51,168019671,
330,,2018-11-12 08:00:06,168019671,
331,фото галина абдуллаева,2018-11-12 02:00:00,168019671,[]
332,,2018-11-11 13:14:36,168019671,
333,в одном из дворов благовещенска обнаружили израненную енотовидную собаку,2018-11-11 12:28:04,168019671,[]
334,ребят привет,2018-11-11 10:28:04,168019671,[]
335,разноцветный октябрь,2018-11-11 01:21:20,168019671,[]
336,,2018-11-10 13:24:14,168019671,
337,,2018-11-10 13:19:58,168019671,
338,держи в под рукой,2018-11-10 07:30:00,168019671,[]
339,косуленок вышел на трассу в приамурье,2018-11-10 02:41:26,168019671,[]
340,,2018-11-10 02:33:30,168019671,
341,,2018-11-10 02:27:49,168019671,
342,,2018-11-10 02:20:06,168019671,
343,как нужно было поступить,2018-11-10 02:12:41,168019671,[]
344,гололедица стала причиной множества аварий в благовещенске,2018-11-10 02:06:13,168019671,[]
345,с первых же дней губернаторства в восточной сибири муравьев амурский начал настаивать на агрессивной политике в отношении китая по вопросу занятия русскими амура,2018-11-10 02:00:00,168019671,[]
346,,2018-11-10 01:00:01,168019671,
347,игра слова,2018-11-09 16:43:42,168019671,[]
348,в конце октября автолюбителям приморья торжественно представили новое высокооктановое топливо сегодня премиальный бензин доступен дальневосточцам и на заправках благовещенска,2018-11-09 11:15:00,168019671,[]
349,,2018-11-09 03:09:33,168019671,
350,,2018-11-09 03:02:32,168019671,
351,,2018-11-09 02:56:40,168019671,
352,набережная вечер в октябре,2018-11-09 02:00:00,168019671,[]
353,список камер видеофиксации в благовещенске,2018-11-08 17:10:13,168019671,[]
354,,2018-11-08 16:43:13,168019671,
355,,2018-11-08 10:48:37,168019671,
356,дтп на амурской партизанской,2018-11-08 07:05:45,168019671,[]
357,доброе утро,2018-11-08 03:02:52,168019671,[]
358,в белогорске в жестком дтп столкнулись два марка и аллион,2018-11-08 02:53:58,168019671,[]
359,,2018-11-08 02:52:27,168019671,
360,,2018-11-08 02:45:31,168019671,
361,сми квартиру в благовещенске за миллионов продает уехавший на повышение чиновник,2018-11-08 02:42:28,168019671,[]
362,дом на набережной,2018-11-08 02:00:00,168019671,[]
363,,2018-11-07 22:16:31,168019671,
364,друзья,2018-11-07 21:59:29,168019671,[]
365,мальчик берт превратился в прекрасного молодого человека,2018-11-07 13:39:12,168019671,[]
366,на космодроме восточный открыли монумент ракеты носителя ангара,2018-11-07 13:34:32,168019671,[]
367,люди у кого есть частный дом в верх благовещенска в районе поклонного креста как вы решили проблему проведения интернета или в других труднодоступных районах спасибо,2018-11-07 10:26:27,168019671,[]
368,житель владивостока снял видеоблог о своей поездке в благовещенск,2018-11-07 05:00:02,168019671,[]
369,помните как житель благовещенска прокатился по городу в прицепе наполненном водой,2018-11-07 03:22:05,168019671,[]
370,,2018-11-07 02:53:54,168019671,
371,чуринская торговая площадь,2018-11-07 02:40:20,168019671,[]
372,площадь победы,2018-11-07 01:00:00,168019671,[]
373,член банды цапков ел в колонии амурской области крабов на млн в год,2018-11-06 22:26:20,168019671,[]
374,таксист на встречку вылетел жесткое дтп с таксистом в микрорайоне благовещенска,2018-11-06 12:41:58,168019671,[]
375,а сколько кофе в ты нашел,2018-11-06 06:30:00,168019671,[]
376,фото галина абдуллаева,2018-11-06 02:00:00,168019671,[]
377,что думаете о смартфонах в руках маленьких детей до лет,2018-11-05 18:33:17,168019671,[]
378,благовещенск после апокалипсиса,2018-11-05 16:35:57,168019671,[]
379,здравствуйте может кто подскажет номер телефона или клинику с хорошим флебологом,2018-11-05 14:33:28,168019671,[]
380,совершившие кражу дети из шимановска попали на камеру,2018-11-05 11:38:15,168019671,[]
381,жесткая авария москвич влетел в на трассе благовещенск белогорск,2018-11-05 11:19:25,168019671,[]
382,доброе утро друзья,2018-11-05 03:48:29,168019671,[]
383,ранний вечер на набережной,2018-11-05 02:00:00,168019671,[]
384,подскажите где лучше выучиться на права сколько времени занимает обучение и стоимость,2018-11-05 00:31:33,168019671,[]
385,подмосковье полицейские против деда торгующего у вокзала,2018-11-04 10:44:37,168019671,[]
386,появились фото жесткого дтп в белогорске с участие такси,2018-11-04 10:05:45,168019671,[]
387,набережная,2018-11-04 09:50:53,168019671,[]
388,торговый дом кунста и альберса,2018-11-03 02:00:00,168019671,[]
389,,2018-11-02 13:10:04,168019671,
390,полезные телефоны благовещенска,2018-11-02 03:00:00,168019671,[]
391,сентябрь на набережной,2018-11-02 02:00:00,168019671,[]
392,,2018-11-01 17:20:37,168019671,
393,,2018-11-01 13:10:00,168019671,
394,можно ли кормить диких уток и лебедей хлебом,2018-11-01 03:00:00,168019671,[]
395,доброе утро друзья,2018-11-01 02:04:59,168019671,[]
396,зейское водохранилище,2018-11-01 01:17:46,168019671,[]
397,,2018-10-31 23:41:22,168019671,[]
398,из белогорска постепенно ушли многие страховые компании где сделать осаго чтоб не искать потом офисы по всей стране,2018-10-31 18:44:29,168019671,[]
399,карта благовещенского метро,2018-10-31 13:10:00,168019671,[]
400,а ты успел подготовить автомобиль к зиме,2018-10-31 12:10:00,168019671,[]
401,автор марина елисеева,2018-10-31 11:28:01,168019671,[]
402,,2018-10-31 03:00:00,168019671,
403,набережная,2018-10-31 01:30:00,168019671,[]
404,,2018-10-30 14:10:00,168019671,
405,благовещенск проснись,2018-10-30 13:00:09,168019671,[]
406,крыса захватила палатку с пирожками в благовещенске,2018-10-30 11:40:50,168019671,[]
407,,2018-10-30 03:54:57,168019671,
408,,2018-10-30 03:51:45,168019671,
409,,2018-10-30 03:00:00,168019671,
410,ротонда,2018-10-30 01:30:00,168019671,[]
411,благовещенск встречайте только до ноября парк роботов в родном городе,2018-10-29 16:50:00,168019671,[]
412,набережная р амур,2018-10-29 13:10:00,168019671,[]
413,минус рублей за минуту,2018-10-29 10:49:45,168019671,[]
414,избившего сотрудника гибдд до сотрясения мозга мужчину накажут в благовещенске,2018-10-29 10:42:58,168019671,[]
415,зимой до птиц зимующих в наших суровых широтах гибнут они замерзают из за голода в наших силах помочь им перезимовать,2018-10-29 03:00:01,168019671,[]
416,твое лицо когда отремонтировали северную,2018-10-29 01:30:00,168019671,[]
417,,2018-10-28 18:26:44,168019671,
418,белогорье октября,2018-10-28 14:14:15,168019671,[]
419,немного ретро фотографий белогорска,2018-10-28 14:08:47,168019671,[]
420,,2018-10-28 13:10:21,168019671,
421,десятки дтп в амурской области из за гололеда,2018-10-28 09:49:20,168019671,[]
422,,2018-10-28 09:41:37,168019671,
423,триумфальная арка,2018-10-28 00:51:30,168019671,[]
424,,2018-10-27 12:26:39,168019671,
425,благовещенский водитель автобуса не выпускал маленьких девочек,2018-10-27 12:05:38,168019671,[]
426,,2018-10-27 11:47:21,168019671,
427,ну что с первым снегом господа,2018-10-27 09:30:43,168019671,[]
428,трасса благовещенск белогорск,2018-10-27 01:00:02,168019671,[]
429,рухнул очередной мост под фурой,2018-10-27 00:55:58,168019671,[]
430,здравствуйте по городу бегал щенок лабрадора сейчас он на передержке надеюсь что его не выкинули что он просто потерялся и его ищут если вы вдруг знаете его хозяев свяжитесь пожалуйста с галиной владимировной репост приветствуется,2018-10-26 16:30:26,168019671,[]
431,василий киселев,2018-10-26 10:14:51,168019671,[]
432,,2018-10-26 09:54:36,168019671,
433,,2018-10-26 01:23:22,168019671,
434,осень на улицах города,2018-10-26 01:00:02,168019671,[]
435,скажите пожалуйста в благовещенске будут хеллоуин отмечать где нибудь,2018-10-25 18:39:22,168019671,[]
436,дом купца ларина,2018-10-25 12:02:46,168019671,[]
437,за голову особо опасного преступника который убил х человек объявлена награда в рублей,2018-10-24 23:37:39,168019671,[]
438,подскажите пожалуйста кто знает где в благе можно найти мастера который может удалить аккаунт на телефоне или какую нибудь мастерскую хотя бы по телефонам этой марки,2018-10-24 14:16:17,168019671,[]
439,здравствуйте подскажите пожалуйста номер хорошего автоэксперта,2018-10-24 12:15:37,168019671,[]
440,как изменился благовещенск,2018-10-24 10:35:38,168019671,[]
441,самое удивительное здание в благовещенске стоит на углу улицы ленина и переулка святителя иннокентия наверняка нет в городе человека который бы этого не знал но вот историю этого дома знают немногие,2018-10-24 01:45:49,168019671,[]
442,очень скоро в городе благовещенск появится и выступит с двумя бесплатными лекциями известный путешественник и писатель антон кротов автор книг преодолевший сотни тысяч километров автостопом и другими способами по дорогам всех регионов россии и стран мира основатель академии вольных путешествий,2018-10-23 22:53:00,168019671,[]
443,,2018-10-23 20:12:18,168019671,
444,ребят кто знает хороших репетиторов по химии и биологии напишите их контакты в коментарии,2018-10-23 19:53:18,168019671,[]
445,уставший сантехник в прогрессе,2018-10-23 15:38:49,168019671,[]
446,ребята подскажите телефоны действующих работающих на сегодняшний день подростковых гематологов в благовещенске это оказывается очень большая проблема найти этого врача в области,2018-10-23 12:13:15,168019671,[]
447,жителя свободного возмутили автохамы паркующиеся на тротуарах,2018-10-23 11:57:42,168019671,[]
448,в благовещенске разлились нечистоты,2018-10-23 11:47:19,168019671,[]
449,как вам идея,2018-10-23 11:30:15,168019671,[]
450,,2018-10-23 11:24:21,168019671,
451,,2018-10-23 11:20:16,168019671,
452,дтп километр от благовещенска,2018-10-22 16:06:07,168019671,[]
453,здравствуйте ребята подскажите пожалуйста хорошего уролога в городе свободный спасибо заранее,2018-10-22 10:37:18,168019671,[]
454,в свободном водитель ассенизатор сливал жидкий кал прямо на улице,2018-10-22 09:53:58,168019671,[]
455,в чигирях камаз наехал на летнего мальчика,2018-10-22 09:49:39,168019671,[]
456,,2018-10-22 09:48:48,168019671,
457,,2018-10-22 09:43:45,168019671,
458,если в группе текстовые ролевики я создал одну ролевую по тематике постапокалипсис и ищу людей которые присоединятся к игре,2018-10-22 09:40:06,168019671,[]
459,вот так у нас в зейском районе моют золото,2018-10-22 09:36:08,168019671,[]
460,друзья мы приближаемся к отметке в участников население благовещенска человек и нам есть куда расти,2018-10-21 15:32:00,168019671,[]
461,хотите вспомнить и увидеть благовещенск прошлых лет,2018-10-21 13:20:57,168019671,[]
462,,2018-10-21 12:55:35,168019671,
463,битва городов амурской области,2018-10-21 12:03:24,168019671,[]
464,стоит ли вообще все это размещать,2018-10-21 11:36:11,168019671,[]
465,,2018-10-21 11:31:05,168019671,
466,,2018-10-21 11:25:37,168019671,
467,ул кантемирова,2018-10-20 09:22:33,168019671,[]
468,верите ли вы экстрасенсов бабок гадалок,2018-10-18 17:22:02,168019671,[]
469,отец керченского стрелка рассказал о характере и увлечениях сына,2018-10-18 07:17:59,168019671,[]
470,эти телефоны должен знать каждый,2018-10-18 06:51:22,168019671,[]
471,нак в колледже в керчи произошел подрыв неустановленного взрывного устройства,2018-10-17 13:54:59,168019671,[]
472,,2018-10-16 20:18:40,168019671,
473,года тюрьмы за сбитого насмерть пешехода,2018-10-16 13:48:23,168019671,[]
474,в центре благовещенска столкнулись три иномарки,2018-10-16 13:30:21,168019671,[]
475,благовещенск и хэйхэ,2018-10-15 23:56:15,168019671,[]
476,здравствуйте не подскажите есть ли в г благовещенск секция хоккей с шариком на льду,2018-10-15 20:59:19,168019671,[]
477,в массовой аварии на подъезде к благовещенску пострадал двухлетний ребенок,2018-10-15 15:00:26,168019671,[]
478,,2018-10-15 14:57:32,168019671,
479,появилось видео демонтажа рухнувшего моста в свободном,2018-10-15 13:36:54,168019671,[]
480,нашли на речке это водоплавающее подскажите кто знает что это и чем питается,2018-10-14 11:11:42,168019671,[]
481,доброе утро,2018-10-13 00:44:42,168019671,[]
482,первый автосервис федеральной сети на ленина б,2018-10-12 09:00:02,168019671,[]
483,,2018-10-12 02:34:30,168019671,
484,,2018-10-12 02:28:16,168019671,
485,амурчанка в сковородинской школе ученикам накладывали еду голыми руками,2018-10-12 02:23:39,168019671,[]
486,,2018-10-12 02:15:05,168019671,
487,а вот извинения,2018-10-11 10:23:52,168019671,[]
488,кадыров потребовал у бросившего банку в подростка фаната фк ахмат явиться в грозный,2018-10-11 10:00:14,168019671,[]
489,,2018-10-10 23:43:49,168019671,
490,,2018-10-10 23:39:30,168019671,
491,,2018-10-10 23:30:42,168019671,
492,подскажите хорошую стоматологическую клинику в благовещенске,2018-10-10 19:38:40,168019671,[]
493,стучит ходовка авто уводит в сторону руль устал гадать в чем проблема,2018-10-10 09:00:09,168019671,[]
494,объездная дорога в свободном после обрушения моста,2018-10-10 02:21:02,168019671,[]
495,еще одно видео падения моста с камазом,2018-10-09 14:58:35,168019671,[]
496,фото упавшего моста в свободном,2018-10-09 10:04:57,168019671,[]
497,появилось видео падения моста в свободном,2018-10-09 09:31:31,168019671,[]
498,в свободном мост рухнул на главный путь транссибирской ж д магистрали,2018-10-09 09:31:08,168019671,[]
499,житель благовещенска изящно украл камеру наблюдения,2018-10-09 01:41:36,168019671,[]
500,продавщицы устроили бойню за место на благовещенском рынке,2018-10-09 01:40:01,168019671,[]
501,неоказание мед помощи в благовещенской больнице,2018-10-09 01:36:50,168019671,[]
502,кража в благовещенском магазине попала на видео,2018-10-09 01:35:18,168019671,[]
503,доброго времени суток,2018-10-08 21:12:42,168019671,[]
504,всем доброго времени суток,2018-10-08 10:12:00,168019671,[]
505,а как вы провели выходные,2018-10-08 00:37:41,168019671,[]
506,вот так и началась потасовка хабиб спрыгнул с октагона к члену команды макгрегора и понеслась,2018-10-07 13:14:33,168019671,[]
507,хабиб нурмагомедов победил конора макгрегора в бою за титул чемпиона,2018-10-07 08:23:44,168019671,[]
508,,2018-10-06 14:19:42,168019671,
509,виновник вчерашнего дтп в благовещенске был в наркотическом опьянении,2018-10-06 13:21:44,168019671,[]
510,завитинец покусал полицейского и теперь пойдет под суд,2018-10-06 13:17:47,168019671,[]
511,в многоэтажке в микрорайоне благовещенска произошел пожар,2018-10-06 13:16:59,168019671,[]
512,в благовещенске жильцы наказали автохама припарковавшегося прямо у подъезда,2018-10-06 13:15:40,168019671,[]
513,всем привет подскажите срортбар в благовещенске хочется посмотреть завтра бой хабиб макгрегор,2018-10-06 12:47:38,168019671,[]
514,двойная радуга в благовещенске,2018-10-06 12:47:35,168019671,[]
515,проп ла собака хаски,2018-10-05 21:52:16,168019671,[]
516,всем привет где в благовещенске можно заплести де дреды,2018-10-05 21:51:01,168019671,[]
517,здравствуйте в благовещенске можно устроить фестиваль на подобии комик кона в больших городах было бы здорово если бы кто нибудь провел р,2018-10-05 15:51:13,168019671,[]
518,впервые в благовещенске международная выставка выставка парк роботов,2018-10-05 11:34:49,168019671,[]
519,российские поезда в ближайшие года планируют оснастить капсулами для пассажиров,2018-10-04 22:27:51,168019671,[]
520,всем привет,2018-10-04 19:35:20,168019671,[]
521,помохите люди добрые,2018-10-03 11:49:25,168019671,[]
522,подскажите пожалуйста где можно починить наушники,2018-10-03 11:19:31,168019671,[]
523,путин внес в госдуму проект который частично декриминализирует статью ук,2018-10-03 10:37:07,168019671,[]
524,должны ли пожилые люди сдавать дополнительные экзамены для проверки своих способностей и умственной пригодности к управлению автотранспорта ведь с годами внимание притупляется и некоторые пожилые люди могут нести угрозу находясь за рулем авто,2018-10-02 15:22:09,168019671,[]
525,велопутешественник из жуковского московская область максим китаев прибыл в конечную точку своего маршрута,2018-10-02 09:38:01,168019671,[]
526,хочешь чтобы твой голос услышали миллионы или мечтаешь о карьере на радио пройди кастинг,2018-10-02 04:00:01,168019671,[]
527,акинфеев ушел из сборной рф,2018-10-01 13:15:44,168019671,[]
528,здравствуйте подскажите где сейчас можно поиграть в волейбол,2018-10-01 12:18:50,168019671,[]
529,в микрорайоне благовещенска орудует осторожный взломщик автомобилей,2018-10-01 11:49:00,168019671,[]
530,на площади ленина автомобиль снес ларек с мороженым,2018-10-01 11:48:02,168019671,[]
531,жительница свободного пожаловалась на автохама угрожающего ей расправой за обращение в полицию,2018-10-01 11:46:41,168019671,[]
532,не в тему подскажите где у вас в городе более надежный салон по ремонту смартфонов,2018-10-01 11:42:39,168019671,[]
533,впервые в благовещенске международная выставка выставка парк роботов,2018-09-30 15:32:09,168019671,[]
534,попутчики,2018-09-29 16:37:31,168019671,['попутчики']
535,в микрорайоне благовещенска провода лэп упали на проезжую часть,2018-09-29 00:42:17,168019671,[]
536,в приамурье неизвестные разбили топором все стекла в машине лободы,2018-09-29 00:40:53,168019671,[]
537,летят шары вылупив в погоне за бабками жители белогорска недовольны работой общественного транспорта,2018-09-29 00:40:03,168019671,[]
538,в благовещенске обрушилась стена жилого дома,2018-09-29 00:39:31,168019671,[]
539,трех подростков и убийцу обвиняют в серии квартирных краж,2018-09-29 00:38:57,168019671,[]
540,коммерсантъ односельчане узнали чепигу на фото руслана боширова из солсбери,2018-09-27 17:58:01,168019671,[]
541,здравствуйте подскажите пожалуйста где в городе купить ареометр,2018-09-27 17:57:19,168019671,[]
542,житель зеи ослепший на один глаз после нападения рецидивиста не может добиться наказания преступника,2018-09-27 11:38:58,168019671,[]
543,достопримечательность благовещенска,2018-09-27 09:40:12,168019671,[]
544,возле магазина пеликан на калинина произошла драка,2018-09-27 00:36:36,168019671,[]
545,в благовещенске продают квартиру за миллионов рублей,2018-09-27 00:35:38,168019671,[]
546,в тыгде рабочих строящих станцию всто объявили забастовку,2018-09-27 00:34:21,168019671,[]
547,узнало в руслане боширове полковника военной разведки чепигу родившегося в амурской области,2018-09-26 23:09:09,168019671,[]
548,делайте репост выставка уже совсем скоро,2018-09-26 06:40:00,168019671,[]
549,амурчанин провел одиночный пикет перед зданием правительства региона,2018-09-26 02:25:08,168019671,[]
550,благовещенцев смутил бесхозный гроб посреди улицы,2018-09-26 02:24:31,168019671,[]
551,ночью в районе железнодорожного вокзала попытались угнать иномарку,2018-09-26 02:23:55,168019671,[]
552,губернатор сахалина допустил конфузную ошибку в школе для одаренных детей,2018-09-26 02:23:08,168019671,[]
553,в свободном сняли на видео горящий строящийся храм,2018-09-26 02:21:25,168019671,[]
554,новость о женщине просящей детей сфотографировать ее на фоне кустов активно распространяется в соц сетях и по родительским чатам в вотсапе,2018-09-25 23:02:37,168019671,[]
555,наступает осень,2018-09-25 22:41:12,168019671,[]
556,благовещенск не пропусти,2018-09-25 09:15:00,168019671,[]
557,юрий кот,2018-09-24 10:11:08,168019671,[]
558,,2018-09-23 19:38:58,168019671,
559,дтп на игнатьевском,2018-09-23 15:44:52,168019671,[]
560,дважды на грабли в благовещенском дворе автолюбитель пару раз стукнул один и тот же автомобиль,2018-09-23 09:18:43,168019671,[]
561,в ивановском районе спасли школьника который собирался прыгнуть с вышки,2018-09-23 09:17:16,168019671,[]
562,хочешь чтобы твой голос услышали миллионы или мечтаешь о карьере на радио пройди кастинг,2018-09-22 14:00:09,168019671,[]
563,психически больной амурчанин едва не зарезал товарища,2018-09-22 12:29:35,168019671,[]
564,очевидцы в благовещенске рядом с детским садом сбили велосипедиста,2018-09-22 12:28:43,168019671,[]
565,студенческая воронкова,2018-09-22 12:28:01,168019671,[]
566,в благовещенске при аварии с участием машины скорой помощи пострадали три человека,2018-09-22 12:10:07,168019671,[]
567,логично,2018-09-21 11:25:53,168019671,[]
568,свободненцы воюют с получателем дальневосточного гектара из за огороженной дубовской сопки,2018-09-21 06:36:07,168019671,[]
569,в благовещенске разбили стекло автомобиля банкой из под детского питания,2018-09-21 06:30:29,168019671,[]
570,в пятницу в центре благовещенска четыре часа не будет работать светофор,2018-09-21 06:29:14,168019671,[]
571,благовещенская гибдд ищет водителя красной малолитражки тойота фанкарго,2018-09-21 06:28:35,168019671,[]
572,в чигирях произошло жесткое дтп с пострадавшими,2018-09-21 06:27:55,168019671,[]
573,верховный суд отказался признавать экстремизмом лайки и репосты в соцсетях,2018-09-20 10:51:34,168019671,[]
574,в благовещенске жестко столкнулись иномарка и трактор,2018-09-20 00:20:30,168019671,[]
575,благовещенца поймали на попытке заработать на фальшивом дтп,2018-09-20 00:18:28,168019671,[]
576,на реконструкцию набережной выделили еще около миллионов рублей,2018-09-20 00:17:04,168019671,[]
577,максим китаев,2018-09-19 17:53:20,168019671,[]
578,больше не нужно ходить по разным меховым магазинам и выставкам теперь все шубы в одном месте,2018-09-19 15:07:04,168019671,[]
579,группу из благовещенцев будут судить за подставных дтп,2018-09-19 02:21:52,168019671,[]
580,жителя амурской области будут судить за изнасилование двух девушек в ростове,2018-09-19 02:21:06,168019671,[]
581,амурчанин с косой бросился на автомобиль с полицейскими,2018-09-19 02:19:24,168019671,[]
582,в белогорском районе жестко угодил под прицеп фуры,2018-09-19 02:18:51,168019671,[]
583,что бы вы сделали если бы получили млн рублей,2018-09-18 14:37:01,168019671,[]
584,благовещенские автомобилисты жалуются на постоянные пробки на перекрестке студенческой игнатьевского шоссе,2018-09-18 13:49:33,168019671,[]
585,велопутешественник максим китаев преодолевает путь из жуковского во владивосток общей протяженностью км,2018-09-18 12:25:49,168019671,[]
586,велопутешественник максим китаев преодолевает путь из жуковского во владивосток общей протяженностью км,2018-09-18 12:25:32,168019671,[]
587,найден телефон верну хозяину при предъявлении документов,2018-09-18 10:41:54,168019671,[]
588,объявление в подъезде,2018-09-18 01:29:01,168019671,[]
589,утренний чат,2018-09-18 00:52:47,168019671,[]
590,благовещенских автомобилистов предупредили о глубоком провале в асфальте на пионерской,2018-09-17 01:08:42,168019671,[]
591,на трассе из благовещенска в аэропорт разбилась иномарка,2018-09-17 01:07:41,168019671,[]
592,неизвестные соорудили мусорную баррикаду на одной из улиц благовещенска,2018-09-17 01:06:35,168019671,[]
593,пункт назначения в благовещенске водитель еле уклонился от груза упавшего из ехавшего впереди автомобиля,2018-09-17 01:05:38,168019671,[]
594,в благовещенске записали на видео драку с участием полицейских,2018-09-17 01:04:27,168019671,[]
595,,2018-09-16 22:14:53,168019671,
596,,2018-09-16 15:45:38,168019671,
597,здравствуйте подскажите в тц небеса есть магазин электроника,2018-09-15 22:53:28,168019671,[]
598,подмосковных живодеров которые сварили котенка и убили десятки других животных задержали,2018-09-15 18:59:24,168019671,[]
599,здравствуйте чем у вас тут можно развлечься,2018-09-15 13:37:13,168019671,[]
600,максим китаев,2018-09-15 11:26:38,168019671,[]
601,максим китаев,2018-09-15 11:26:25,168019671,[]
602,в благовещенске есть прокат картингов подскажите контакты,2018-09-15 09:49:23,168019671,[]
603,почему закрыта для проезда улица ленина,2018-09-15 09:48:48,168019671,[]
604,хочешь чтобы твой голос услышали миллионы или мечтаешь о карьере на радио пройди кастинг,2018-09-14 10:00:03,168019671,[]
605,максим китаев,2018-09-14 09:22:10,168019671,[]
606,в госдуме отклонили законопроект об исключении наказания за репосты,2018-09-14 09:15:20,168019671,[]
607,подозреваемые в отравлении скрипалей назвали себя бизнесменами в сфере зож,2018-09-13 15:14:46,168019671,[]
608,,2018-09-13 14:33:55,168019671,
609,хочешь чтобы твой голос услышали миллионы или мечтаешь о карьере на радио пройди кастинг,2018-09-13 04:00:02,168019671,[]
610,власти совести не хватало новый мэр коммунист тынды ответила на пять вопросов асн,2018-09-13 02:41:57,168019671,[]
611,появилось видео того как камаз сбивает ребенка в благовещенском дворе,2018-09-13 02:40:07,168019671,[]
612,в благовещенске водитель протаранил кирпичный забор,2018-09-13 02:39:18,168019671,[]
613,благовещенца оштрафовали на полтора миллиона рублей за взятку полицейскому,2018-09-13 02:38:36,168019671,[]
614,кидайте в комментарии фото своих питомцев,2018-09-13 02:36:59,168019671,[]
615,,2018-09-12 15:00:08,168019671,
616,хочешь чтобы твой голос услышали миллионы или мечтаешь о карьере на радио пройди кастинг,2018-09-12 12:15:22,168019671,[]
617,максим китаев,2018-09-11 17:47:16,168019671,[]
618,добрый день благовещенцы помогите найти поделитесь контактами ветеринарного врача загородского евгения владимировича по профессиональным вопросам буду очень благодарна,2018-09-11 09:31:37,168019671,[]
619,вечер бодрый расскажите пожалуйста как правильно заполнить иммиграционную карту для проезда в хэйхэ и где ее взять,2018-09-10 13:59:53,168019671,[]
620,велопутешественник максим китаев преодолевает путь из жуковского подмосковье во владивосток общей протяженностью км,2018-09-10 09:19:04,168019671,[]
621,благовещенцы а сколько у вас р азница по в з асту с в ш й вт рой п ловин й и колько лет вы счит ете идеальн,2018-09-09 23:09:46,168019671,[]
622,коту показали погибшего хозяина на телефоне,2018-09-09 23:08:46,168019671,[]
623,в амурской области постоянно происходит много дтп поэтому чтобы отслеживать информацию рекомендуем подписаться на рассылку о самых громких происшествиях благовещенска и других городов области,2018-09-09 10:53:34,168019671,[]
624,в благовещенске на перекрестке мухина и октябрьской произошло дтп с пострадавшими,2018-09-09 10:44:41,168019671,[]
625,снега выпало примерно полметра амурчане делятся фотографиями с севера области,2018-09-09 10:43:41,168019671,[]
626,в благовещенске произошло смертельное дтп,2018-09-09 10:41:50,168019671,[]
627,урожай для предприимчивых неизвестные в благовещенске рассыпали по дороге картофель,2018-09-09 10:40:00,168019671,[]
628,всем привет кто может подсказать где можно купить инструмент болгарки в вашем городе качественный и не дорогой сам нахожусь в другом регионе за ранее спасибо за помощь,2018-09-09 10:38:54,168019671,[]
629,привет всем если кто знает скажите мне г свободный ул малиновского что это за постоянное свечение в небе уже ый день наблюдаю начинается с вечера притом что это происходит со стороны леса ни какого искусственного света в небе не присутствует именно от земли вообще не какого света не исходит вот именно на высоте происходит это явление камера плохая но разгледеть фото возможно,2018-09-07 18:06:10,168019671,[]
630,хочешь чтобы твой голос услышали миллионы или мечтаешь о карьере на радио пройди кастинг,2018-09-07 15:00:04,168019671,[]
631,больше не нужно ходить по разным меховым магазинам и выставкам теперь все шубы в одном месте,2018-09-06 15:09:34,168019671,[]
632,в тынде задавившего голубей водителя оштрафовали за езду по тротуару,2018-09-06 15:08:34,168019671,[]
633,на границе амурской области выпал первый снег,2018-09-06 15:07:18,168019671,[]
634,узнаете место,2018-09-06 15:06:01,168019671,[]
635,хочешь чтобы твой голос услышали миллионы или мечтаешь о карьере на радио пройди кастинг,2018-09-06 14:00:12,168019671,[]
636,,2018-09-06 12:02:17,168019671,
637,начинаем играть в угадай фильм по кадру,2018-09-06 09:19:00,168019671,[]
638,у японцев точно стоит многому поучиться,2018-09-06 01:24:30,168019671,[]
639,хочешь чтобы твой голос услышали миллионы или мечтаешь о карьере на радио пройди кастинг,2018-09-05 14:00:03,168019671,[]
640,о новых способах мошенничества с банковскими картами,2018-09-05 07:35:21,168019671,[]
641,подскажите пожалуйста хороший клуб кикбоксинга сби или боевое самбо в пределах в месяц,2018-09-04 16:41:43,168019671,[]
642,как через кого можно отправить посылку кг из благовещенска в уссурийск можно поездом или автобусом попуткой что можно предложить,2018-09-04 16:41:26,168019671,[]
643,в благовещенском шоу театре котовасия произошла трагедия неизвестные проникли на территорию организации и убили кошек это случилось после инцидента который произошел у сотрудников шоу театра с соседскими подростками,2018-09-03 18:11:39,168019671,[]
644,в рамках выездного совещания василий орлов посетил первомайский парк место будущего скейт парка на территории окц,2018-09-03 15:17:03,168019671,[]
645,благовещенск часть,2018-09-03 01:51:24,168019671,[]
646,в школе села чигири дети вырастили гигантскую тыкву весом килограммов учебное заведение вот уже два года участвует в проекте гарденотерапия сорт амурским школам участницам проекта бесплатно предоставил житель подмосковья александр чусов в прошлом году вырастивший килограммовую тыкву тогда бахчевое растение попало в книгу рекордов россии в обхвате длина тыквы составляет метра и это еще не предел тыква еще растет но прибавляет уже только по два сантиметра в день прокомментировала амурской правде заведующая пришкольно опытным участком галина попова в году школьники снова будут сажать тыкву и надеются побить собственный рекорд,2018-09-02 14:46:41,168019671,[]
647,как вам инсталляция,2018-09-02 12:58:01,168019671,[]
648,день добрый где можно футбол поиграть просто во дворе,2018-09-02 09:49:50,168019671,[]
649,большая просьба к жителям вашего города помогите найти нотариуса с выездом на дом у кого есть контакты поиски в интернете в пустую,2018-09-01 09:57:52,168019671,[]
650,сегодня в очередной раз осознал как же здорово быть взрослым,2018-09-01 09:56:17,168019671,[]
651,лето нас покинуло до встречи в,2018-09-01 01:44:04,168019671,[]
652,автомобили устроили световое шоу в подмосковье после грохота молний сегодняшней ночью,2018-09-01 00:09:36,168019671,[]
653,амурская обл благовещенск благовещенский р н,2018-08-31 19:30:30,168019671,[]
654,тасс сообщает о гибели главы днр александра захарченко при взрыве в донецке,2018-08-31 19:23:53,168019671,[]
655,здравствуйте кто нибудь знает как перевезти собаку взрослую из москвы в благовещенск звонила в наш аэропорт во все московские типа проблема а мне очень надо,2018-08-31 11:18:21,168019671,[]
656,вчера на московском автосалоне автоваз презентовал новую ниву а точнее,2018-08-31 10:15:18,168019671,[]
657,больше половины граждан россии одобрили тюремное наказание за репосты,2018-08-30 18:08:40,168019671,[]
658,кирилл закиров,2018-08-30 17:24:49,168019671,[]
659,пропала собака в районе владимирских озер возможно была украдена окликается на сильвия розовый ошейник при нахождении писать в,2018-08-30 10:42:32,168019671,[]
660,здравствуйте подскажите где можно сделать гравировку на часах,2018-08-29 17:17:17,168019671,[]
661,срочно ищу хозяина для милого комочка счастья мес по вопросам в лс,2018-08-29 15:17:06,168019671,[]
662,подскажите пожалуйста где у нас продается серая форма на девочку класса срочно надо может кто знает,2018-08-29 10:53:34,168019671,[]
663,,2018-08-29 08:00:10,168019671,
664,может есть кто сведущ в данном вопросе что это за змея подколодная,2018-08-28 14:21:27,168019671,[]
665,подскажите пожалуйста хорошие и не дорогие турагентства,2018-08-28 14:21:20,168019671,[]
666,здравствуйте,2018-08-27 11:41:16,168019671,[]
667,здравствуйте скажите пожалуйста где у нас в благовещенске делают макет для алмазной мозаики,2018-08-27 11:40:50,168019671,[]
668,на площади ленина прошла выставка автомобилей часть,2018-08-26 15:52:48,168019671,[]
669,на площади ленина прошла выставка автомобилей,2018-08-26 15:52:42,168019671,[]
670,всем здравствуйте подскажите пожалуйста как добраться в часов до белогорска есть ли активная группа типа попутчики благовещенск белогорск,2018-08-26 11:32:17,168019671,[]
671,добрый день может кто нибудь видел где можно купить трафареты для стен,2018-08-26 10:08:34,168019671,[]
672,подскажите где можно записаться на тайский бокс,2018-08-26 06:22:41,168019671,[]
673,подскажите где у вас в благе есть боулинг центры в свое время у вас их было достаточно но сейчас гугл выдает только один с отвратными отзывами заранее благодарю,2018-08-25 12:27:48,168019671,[]
674,велопутешественник максим китаев преодолевает путь из жуковского московская область во владивосток общей протяженностью км,2018-08-25 08:05:18,168019671,[]
675,все красоты благовещенска,2018-08-24 12:24:50,168019671,[]
676,столкнулся на днях с ситуацией такого рода в бурейском районе просят о помощи в сборе детей в школу статья в газете советское приамурье от г а в райчихинске предполагаю как и везде на собрании родителей первоклашек чуть ли не насильно заставляли записываться на получение портфеля от губернатора по человек от класса родители тупо сидели и стеснялись так подскажите где тут логика когда малоимущим собирают всем миром а от губернатора раздают тем кто в этом не нуждается может кто то вкурсе что происходит,2018-08-24 12:24:31,168019671,[]
677,чем заняться в благовещенске в пятницу,2018-08-23 21:06:39,168019671,[]
678,концерн калашников решил создать конкурента,2018-08-23 18:12:22,168019671,[]
679,любите читать делитесь стоящими книгами в комментариях,2018-08-23 10:13:00,168019671,[]
680,в каком возрасте вы заработали свои первые деньги,2018-08-23 09:16:18,168019671,[]
681,хотим сделать опрос чтобы выявить лучшую доставку пиццы в благе,2018-08-23 09:15:03,168019671,[]
682,,2018-08-23 09:07:45,168019671,
683,,2018-08-23 04:00:02,168019671,
684,мы любим наш город,2018-08-23 01:16:46,168019671,[]
685,потерялась собака в районе федеральной трассы шимановский район с базисное откликается на кличку рич всем кто что ли бо знает огромная просьба позвонить по тел заранее благодарю,2018-08-22 22:03:09,168019671,[]
686,не знаете где одеть ребенка в школу,2018-08-22 12:59:47,168019671,[]
687,,2018-08-22 12:59:25,168019671,
688,,2018-08-22 12:38:39,168019671,
689,,2018-08-22 11:54:35,168019671,
690,кто прыгал с парашутом в благовещенске расскажите что почем и где,2018-08-21 13:50:55,168019671,[]
691,представьте что вы попали на необитаемый остров сбежать шансов нет а выживать надо есть возможность взять с собой только вещи что бы вы взяли почему,2018-08-21 04:45:00,168019671,[]
692,где в благовещенске можно сделать дреды,2018-08-20 20:34:44,168019671,[]
693,не знаете где одеть ребенка в школу,2018-08-20 11:00:08,168019671,[]
694,замечательная погода,2018-08-20 10:15:53,168019671,[]
695,нужно ли штрафовать тех кто выбрасывает бычки мусор из машин,2018-08-20 07:00:00,168019671,[]
696,,2018-08-20 04:00:02,168019671,
697,доброе утро,2018-08-20 01:10:08,168019671,[]
698,нужен ли в благовещенске такой человек,2018-08-19 17:43:25,168019671,[]
699,я тучка тучка тучка я вовсе не медведь,2018-08-19 15:45:21,168019671,[]
700,ребенок на велосипеде едва не погиб под колесами автомобиля,2018-08-19 12:46:20,168019671,[]
701,двойная радуга в благовещенске,2018-08-19 11:46:13,168019671,[]
702,туристы удивляются обычным положением дел в райчихинске,2018-08-19 11:29:20,168019671,[]
703,опрос в тему увеличения пенсионного возраста,2018-08-18 18:48:28,168019671,[]
704,,2018-08-18 16:17:11,168019671,
705,не знаете где одеть ребенка в школу,2018-08-18 11:08:49,168019671,[]
706,доброе утро такой транный в просик ск жите кто нибудь общается с соседами по квартир м по этажам ну или может домами просто почему раньше все жили как то дружней а с йчас даже заходя в лифт не все здравствуйте г ворят в чем дело п чему все злые стали ну или причина в воспитании,2018-08-18 11:08:35,168019671,[]
707,,2018-08-18 11:05:30,168019671,
708,,2018-08-18 10:17:35,168019671,
709,соседи да что за беспредел если вам лень перейти дорогу чтобы выгулять своих животных то пусть гадят у вас дома детские площадки созданы для детей а не для фекалий собак,2018-08-18 05:00:00,168019671,[]
710,живу на центральной улице города,2018-08-17 13:57:20,168019671,[]
711,доброе утро благовещенск,2018-08-17 01:57:40,168019671,[]
712,,2018-08-17 01:49:44,168019671,
713,,2018-08-17 01:42:58,168019671,
714,,2018-08-17 01:39:19,168019671,
715,,2018-08-17 01:35:38,168019671,
716,не знаете где одеть ребенка в школу,2018-08-16 11:00:08,168019671,[]
717,хватает ли вам парковочных мест во дворе,2018-08-16 06:00:00,168019671,[]
718,нужна кровь отрицательная,2018-08-15 10:13:07,168019671,[]
719,,2018-08-15 07:00:00,168019671,
720,,2018-08-15 01:42:12,168019671,
721,,2018-08-15 01:29:30,168019671,
722,привет посоветуйте хорошие магазины женской одежды что то вроде глории джинс,2018-08-14 14:46:51,168019671,[]
723,не знаете где одеть ребенка в школу,2018-08-14 11:00:08,168019671,[]
724,,2018-08-13 16:40:15,168019671,
725,,2018-08-13 06:00:04,168019671,
726,драка на пересечении улиц амурской комсомольской около,2018-08-13 02:45:40,168019671,[]
727,доброго времени суток прошу прощение если я не по адресу скоро переезжаю к вам из калининграда расскажите пожалуйста о городе,2018-08-12 22:32:29,168019671,[]
728,какие по вашему есть и жизни в благовещенске,2018-08-12 19:00:02,168019671,[]
729,,2018-08-12 05:00:02,168019671,
730,кто нибудь едет из благовещенска в зею сегодня или завтра,2018-08-12 00:53:56,168019671,[]
731,,2018-08-12 00:48:56,168019671,
732,,2018-08-12 00:39:00,168019671,
733,,2018-08-12 00:35:47,168019671,
734,,2018-08-12 00:32:28,168019671,
735,хоть где то о нас заботятся,2018-08-11 15:55:05,168019671,[]
736,,2018-08-11 03:00:18,168019671,
737,мужик решил стянуть бутылочки водки в магазине наш универсам но его поймали,2018-08-10 13:26:05,168019671,[]
738,какие по вашему есть и жизни в тынде,2018-08-10 13:00:02,168019671,[]
739,,2018-08-10 11:49:03,168019671,
740,,2018-08-10 11:33:05,168019671,
741,,2018-08-10 11:22:09,168019671,
742,,2018-08-10 11:15:53,168019671,
743,немного летнего благовещенска,2018-08-10 09:43:52,168019671,[]
744,чего недостает амурской области по вашей оценке,2018-08-10 05:00:00,168019671,[]
745,преследование школьника на квадроцикле в благовещенске,2018-08-09 16:52:44,168019671,[]
746,какое последнее фото вы сделали на телефон,2018-08-09 09:00:10,168019671,[]
747,владельцев собак заставят убирать за питомцами с помощью штрафов,2018-08-09 08:00:03,168019671,[]
748,,2018-08-09 06:00:05,168019671,
749,а какое домашнее животное у вас,2018-08-09 04:00:03,168019671,[]
750,журнал дтп благовещенска амурской области,2018-08-09 03:00:02,168019671,[]
751,,2018-08-09 02:42:26,168019671,
752,продолжите фразу,2018-08-09 02:12:07,168019671,[]
753,,2018-08-09 02:02:19,168019671,
754,,2018-08-08 18:52:21,168019671,
755,где можно купить больших плюшевых мишек,2018-08-08 10:41:48,168019671,[]
756,,2018-08-08 10:38:25,168019671,
757,полуголый благовещенец алексей розуваев прокатился по городу в прицепе наполненном водой,2018-08-08 10:30:13,168019671,[]
758,снимают по ночам троллейбусные провода по городу что будет на месте троллейбусного депо,2018-08-08 07:47:48,168019671,[]
759,а какой ваш улов этим летом,2018-08-08 06:45:00,168019671,[]
760,,2018-08-08 02:08:52,168019671,
761,,2018-08-08 01:57:17,168019671,
762,видео к предыдущей новости,2018-08-08 01:53:26,168019671,[]
763,,2018-08-08 01:51:55,168019671,
764,,2018-08-08 01:47:41,168019671,
765,утренний интерактивчик соседи кто на какой улице живет,2018-08-08 00:19:41,168019671,[]
766,,2018-08-05 19:56:04,168019671,
767,,2018-08-05 19:47:31,168019671,
768,расскажите про город пожалуйста какой он из себя какие из себя люди,2018-08-05 14:50:13,168019671,[]
769,,2018-08-05 14:50:00,168019671,
770,музыкальный чат,2018-08-05 01:08:22,168019671,[]
771,амурская авария,2018-08-04 15:35:26,168019671,[]
772,,2018-08-04 09:21:32,168019671,
773,,2018-08-04 08:59:05,168019671,
774,,2018-08-03 13:48:13,168019671,
775,она впервые ушла из дома родные утонувшей девочки рассказали что предшествовало трагедии,2018-08-03 10:42:44,168019671,[]
776,в благовещенске по факту безвестного исчезновения летней девочки проводится доследственная проверка,2018-08-03 04:44:14,168019671,[]
777,подскажите пожалуйста где можно поиграть в футбол,2018-08-02 17:49:17,168019671,[]
778,какие есть кафе китайской кухни с летней верандой,2018-08-02 13:26:03,168019671,[]
779,сегодня в россии отмечается день воздушно десантных войск,2018-08-02 12:43:49,168019671,[]
780,благовещенск сбербанк открыл вакансию консультант заполнить анкету,2018-08-02 08:00:06,168019671,[]
781,сотрудники аэропорта благовещенска украли у пассажиров морепродукты,2018-08-01 15:19:04,168019671,[]
782,благовещенца пырнули ножом за просьбу убавить музыку,2018-08-01 15:07:41,168019671,[]
783,в благовещенске кошка сутки сидела под трубами пока ее не вытащили спасатели,2018-08-01 15:07:02,168019671,[]
784,житель тынды ради шутки заминировал медучреждение,2018-08-01 15:04:50,168019671,[]
785,в амурской области заморожена половина приоритетных инвестиционных проектов,2018-08-01 14:53:00,168019671,[]
786,участковый не стал разговаривать с собакой,2018-08-01 10:12:16,168019671,[]
787,здравствуйте я собираюсь приехать в благу чтобы обследоваться скажите в какую больницу или клинику лучше всего обратиться буду очень благодарен за помощь,2018-08-01 09:53:11,168019671,[]
788,,2018-07-31 10:00:10,168019671,
789,опрос нужен ли в благовещенске белогорске свободном тынде федеральный проект стопхам,2018-07-31 09:00:08,168019671,[]
790,доброе утро,2018-07-31 06:00:04,168019671,[]
791,все мы здесь собрались и живем в амурской области,2018-07-31 00:55:29,168019671,[]
792,китай отменит визы для россиян,2018-07-31 00:54:40,168019671,[]
793,благовещенец продает метеорит почти за полмиллиона рублей,2018-07-31 00:53:37,168019671,[]
794,в благовещенске участились случаи падения детей из окон,2018-07-31 00:47:04,168019671,[]
795,в благовещенском цуме неизвестный украл ноутбук духи и конфету видео,2018-07-31 00:41:28,168019671,[]
796,в белогорье автомобилист атаковал жилой дом,2018-07-31 00:39:59,168019671,[]
797,переезжаю в область подскажите где лучше в благовещенске купить мебель и технику,2018-07-30 19:11:31,168019671,[]
798,,2018-07-30 15:02:50,168019671,
799,подскажите хорошие места пофотографироваться,2018-07-30 08:56:47,168019671,[]
800,по факту смертельного дтп в уруше возбуждено уголовное дело,2018-07-30 01:54:18,168019671,[]
801,в амурскую область может приехать павел дацюк,2018-07-30 01:52:17,168019671,[]
802,в благовещенске под колеса попал нетрезвый велосипедист,2018-07-30 01:48:43,168019671,[]
803,,2018-07-29 23:52:50,168019671,
804,сможете решить задачку,2018-07-29 22:13:52,168019671,[]
805,всем привет,2018-07-29 17:53:07,168019671,[]
806,правительство рф определилось с датами праздничных дней на год,2018-07-29 17:14:14,168019671,[]
807,подскажите где можно собраться или придти поиграть в волейбол,2018-07-29 14:11:27,168019671,[]
808,здравствуйте я сама из санкт петербурга,2018-07-29 10:09:45,168019671,[]
809,,2018-07-28 18:56:30,168019671,
810,,2018-07-28 10:43:04,168019671,
811,,2018-07-28 09:38:29,168019671,
812,сотрудники банка вскрыли замки и проникли в один из самых дорогих коттеджей благовещенска,2018-07-28 09:22:51,168019671,[]
813,в благовещенске выпала из окна и погибла маленькая девочка,2018-07-28 09:03:28,168019671,[]
814,где на выходных июля можно побыть у водоема с ребенком,2018-07-28 08:53:29,168019671,[]
815,в благовещенске установили новый светофор,2018-07-27 13:18:35,168019671,[]
816,в тынде помогли подростку который не мог выбраться с островка на реке,2018-07-27 13:17:18,168019671,[]
817,друзья кто чем занимается в свободное от работы время,2018-07-27 01:00:11,168019671,[]
818,очевидцы в амурском селе внедорожник въехал в подъезд дома,2018-07-26 21:29:28,168019671,[]
819,в благовещенске легковушка ехала по встречной полосе видео,2018-07-26 21:28:59,168019671,[]
820,зачинщиц драки в центре благовещенска накажут за мелкое хулиганство,2018-07-26 21:27:29,168019671,[]
821,дтп на мухина красноармейской,2018-07-26 17:13:26,168019671,[]
822,в благовещенске велосипедист на скорости врезался в автомобиль,2018-07-26 16:37:40,168019671,[]
823,с июля без горячей воды останутся очередные районы благовещенска,2018-07-26 16:30:45,168019671,[]
824,,2018-07-26 11:24:28,168019671,
825,прекрасные облака для красивого города,2018-07-25 14:45:39,168019671,[]
826,в ск мост должны разобраться кто виноват в утоплении крана и стоит ли его поднимать,2018-07-25 02:02:58,168019671,[]
827,благовещенец украл у работодателя около килограммов кеты,2018-07-25 02:00:31,168019671,[]
828,туманные вечерние кадры набережной благовещенска,2018-07-25 01:58:20,168019671,[]
829,здравствуйте приехали к вам отдохнуть не подскажете где у вас вечером развлекается гуляет молодежь,2018-07-24 14:05:54,168019671,[]
830,,2018-07-24 13:08:47,168019671,
831,пропала любимая собачка в районе игнатьевна,2018-07-24 12:18:48,168019671,[]
832,в благовещенске сняли на видео человека паука,2018-07-24 11:36:36,168019671,[]
833,на федеральной трассе в приамурье разбилась легковушка столкнувшись с грузовиком,2018-07-24 11:29:06,168019671,[]
834,доброе утро,2018-07-24 03:17:54,168019671,[]
835,мост через реку зея в благовещенске дал трещину,2018-07-24 02:59:53,168019671,[]
836,благовещенск и хэйхэ из космоса,2018-07-24 00:54:57,168019671,[]
837,в селе благовещенского района жители добираются на работу и в детсад на лодках,2018-07-24 00:41:10,168019671,[]
838,по факту исчезновения девушки в амуре началась доследственная проверка,2018-07-23 16:21:58,168019671,[]
839,расскажите кто знает что это за живность заранее спасибо,2018-07-23 13:03:28,168019671,[]
840,в новобурейском разбилась легковушка,2018-07-23 11:21:56,168019671,[]
841,таможня хэйхэ утонула видео,2018-07-23 11:19:56,168019671,[]
842,в благовещенске столкнулись маршрутный автобус и легковушка,2018-07-23 11:16:41,168019671,[]
843,вот уже и на линейке,2018-07-23 11:14:21,168019671,[]
844,,2018-07-23 10:44:08,168019671,[]
845,план города благовещенска год,2018-07-23 03:03:02,168019671,[]
846,узнаете место,2018-07-22 22:50:19,168019671,[]
847,здравствуйте приехала в город куда можно сходить подскажите пожалуйста,2018-07-22 14:50:08,168019671,[]
848,общий вид амура с коптера,2018-07-22 11:30:13,168019671,[]
849,поднялась еще см,2018-07-22 11:25:20,168019671,[]
850,благовещенск атаковали амур и зея,2018-07-22 11:01:11,168019671,[]
851,в свободном сохраняется режим чс,2018-07-22 10:58:32,168019671,[]
852,в благовещенске в реке амур утонула девушка,2018-07-22 10:52:15,168019671,[]
853,на строительстве моста через амур утонул кран видео,2018-07-22 10:51:43,168019671,[]
854,немного фото со второго этапа который прошел в городе благовещенск,2018-07-22 10:26:01,168019671,[]
855,на теплоходе прямо к гостинице амур затопил причал на таможне китайского хэйхэ,2018-07-22 02:31:57,168019671,[]
856,так мы тонем жительница амурского села показала свое подворье по пояс в воде,2018-07-22 02:30:44,168019671,[]
857,,2018-07-22 01:04:51,168019671,
858,инцидентом с вооруженным мачете мужчиной в тынде занялись следователи,2018-07-21 16:00:30,168019671,[]
859,в белогорске в дтп попал автомобиль инкассаторов,2018-07-21 15:53:52,168019671,[]
860,мы все это уже проходили в амурской сергеевке сооружают дамбы фото,2018-07-21 15:52:07,168019671,[]
861,названы участки благовещенска которые может затопить в случае непогоды,2018-07-21 15:50:26,168019671,[]
862,на чигиринском водохранилище утонула женщина,2018-07-21 15:49:36,168019671,[]
863,,2018-07-21 12:35:10,168019671,
864,набережная,2018-07-21 11:34:46,168019671,[]
865,пожар на пер зейский,2018-07-21 11:15:36,168019671,[]
866,человек муравей и оса,2018-07-21 02:16:20,168019671,[]
867,впечатления о городе от нового жителя,2018-07-21 02:09:54,168019671,[]
868,говорят что вода будет прибывать и дальше,2018-07-21 01:38:31,168019671,[]
869,житель города шимановск пытавшийся спасти котенка и сорвавшийся с балкона четвертого этажа в этот четверг скончался в больнице,2018-07-20 13:39:32,168019671,[]
870,на набережной благовещенска дорожку для незрячих перекрывает киоск,2018-07-20 13:22:49,168019671,[]
871,а вам нравится ваша работа,2018-07-20 07:02:01,168019671,[]
872,доброе утро,2018-07-20 04:05:00,168019671,[]
873,река зея,2018-07-20 02:35:09,168019671,[]
874,в мазановском районе уаз провалился вместе с мостом,2018-07-20 02:17:53,168019671,[]
875,в дтп в сковородинском районе кроме ребенка погиб мужчина,2018-07-20 02:16:22,168019671,[]
876,в благовещенске в центре города с балкона пятого этажа упал маленький ребенок,2018-07-20 02:15:19,168019671,[]
877,в шимановске задержан подозреваемый в нападении на девочку,2018-07-20 02:14:27,168019671,[]
878,кто на свободный берите весла под благовещенском вода перелилась через трассу видео,2018-07-20 02:13:58,168019671,[]
879,в шимановске мужчина решил спасти котенка но сорвался с балкона,2018-07-19 19:05:27,168019671,[]
880,доброе утро,2018-07-19 03:22:25,168019671,[]
881,спасатели не смогли пробиться по воде к попавшим в беду детям,2018-07-19 02:43:57,168019671,[]
882,есть ли вкусная корейская кухня в благовещенске,2018-07-19 00:49:36,168019671,[]
883,,2018-07-18 12:28:03,168019671,
884,из за подъема воды в реке зее в свободном введен режим повышенной готовности,2018-07-18 11:03:31,168019671,[]
885,глава свободного заявил об отставке,2018-07-18 10:47:36,168019671,[]
886,в селе тамбовского района разлившаяся вода смыла дорогу в поля,2018-07-18 10:41:05,168019671,[]
887,поднявшийся амур принес в благовещенск ядовитых змей,2018-07-18 10:39:48,168019671,[]
888,уровень воды в амуре продолжает подниматься,2018-07-18 10:37:50,168019671,[]
889,приехали в город ненадолго не подскажите куда можно сходить за покупками за одеждой в частности за купальником чтоб подешевле может какой рынок или еще что,2018-07-18 10:33:56,168019671,[]
890,очень красивый рассвет сегодня в благовещенске,2018-07-17 23:59:00,168019671,[]
891,в новобурейске много творческих людей вот подтверждение сказанному,2018-07-17 14:45:00,168019671,[]
892,доброго времени суток приезжаем в благовещенск на два дня буду рада вашим рекомендациям куда можно сходить вкусно покушать где хорошо провести время и какие культурные места стоит посетить спасибо,2018-07-17 10:34:05,168019671,[]
893,от г благовещенск до пункта назначения с толстовка видимость нулевая все машины едут с аварийками,2018-07-17 10:19:28,168019671,[]
894,июля г произошла авария на ул театральная красноармейская в автомобиль сбил ребенка на велосипеде если есть видео записи с регистраторов сообщите по тел или в эту группу,2018-07-17 07:47:52,168019671,[]
895,,2018-07-17 07:47:47,168019671,[]
896,доброе утро,2018-07-16 23:00:36,168019671,[]
897,улица лет октября,2018-07-16 22:41:47,168019671,[]
898,шокирующая история из тынды,2018-07-16 18:56:24,168019671,[]
899,вот так до лиманного из новоалександровки семь километров,2018-07-16 15:28:52,168019671,[]
900,житель тынды в благовещенске помог спасти тонущего ребенка,2018-07-16 14:57:38,168019671,[]
901,виды поселка новобурейск,2018-07-16 14:22:00,168019671,[]
902,у кого проложен интернет через оптоволокно какой у вас пинг до москвы европы есть ли разница в пинге между витой парой и оптоволокном,2018-07-16 13:02:29,168019671,[]
903,в зону подтопления в приамурье могут попасть десять сел,2018-07-16 11:25:38,168019671,[]
904,новобурейск маленький уютный поселок расположен на реке бурея год основания,2018-07-16 07:22:00,168019671,[]
905,на федеральной трассе амур камаз проломил ограждение и съехал в кювет видео,2018-07-16 02:36:24,168019671,[]
906,в благовещенске инспекторы дпс стреляли по машине нарушителя,2018-07-16 02:34:26,168019671,[]
907,доброе утро,2018-07-16 02:23:30,168019671,[]
908,ул шимановского,2018-07-15 23:53:50,168019671,[]
909,франция победитель чм,2018-07-15 19:57:33,168019671,['чм']
910,франция хорватия,2018-07-15 17:58:10,168019671,[]
911,благовещенск улица лет октября,2018-07-15 15:26:35,168019671,[]
912,небо над новобурейским,2018-07-15 13:08:17,168019671,[]
913,жителям зеи доставляет неудобство соседство с фекальной насосной станцией,2018-07-15 12:06:52,168019671,[]
914,в благовещенске спасли мальчика тонувшего в амуре,2018-07-15 12:06:05,168019671,[]
915,фото таисия бронникова,2018-07-15 10:02:09,168019671,[]
916,в благовещенском поселке моховая падь мужчина зарезал друга и повесился,2018-07-15 10:01:09,168019671,[]
917,в понедельник часть благовещенска останется без горячей воды,2018-07-15 00:31:10,168019671,[]
918,сильный ливень и штормовой ветер оставили на улицах свободного разрушительные следы,2018-07-15 00:28:08,168019671,[]
919,доброе утро благовещенск,2018-07-14 04:15:56,168019671,[]
920,план города благовещенска год,2018-07-14 00:59:48,168019671,[]
921,благовещенский городской суд принял решение в отношении гражданина разбившего лобовое стекло патрульного автомобиля дпс сегодня ночью данный гражданин в состоянии алкогольного опьянения был задержал сотрудниками полиции,2018-07-13 14:18:18,168019671,[]
922,отбывающий срок амурчанин продавал несуществующее топливо,2018-07-13 00:18:22,168019671,[]
923,в центре свободного на улице ленина произошло дтп в котором к счастью люди не пострадали,2018-07-13 00:14:14,168019671,[]
924,в зее опустевшее здание поликлиники превращается в заброшку,2018-07-13 00:12:26,168019671,[]
925,на окраине тынды снова заметили молодого медведя,2018-07-12 23:45:57,168019671,[]
926,фотографии сделаны в нашем городе,2018-07-12 15:02:53,168019671,[]
927,вот у нас в деревне зарплата водитель посевная,2018-07-12 10:11:32,168019671,[]
928,дтп с таксистом на пересечении улиц красноармейская театральная,2018-07-12 09:26:32,168019671,[]
929,в благовещенске марк снес светофор,2018-07-12 02:58:47,168019671,[]
930,благовещенский суд приговорил виновницу смертельного дтп к годам колонии поселения,2018-07-12 02:57:31,168019671,[]
931,тем временем в прогрессе,2018-07-12 01:29:45,168019671,[]
932,девятиклассник из белогорского района спас тонущего мужчину,2018-07-11 23:09:37,168019671,[]
933,добрые люди желательно знающие в микрорайоне нет ни одного приличного стадиона именно с хорошей баскетбольной площадкой в центре каждая вторая школа с обновленными по всем параметрам площадками беговыми дорожками и т д подскажите как подается петиция или же как попытаться заставить администрацию города сделать этот стадион,2018-07-11 21:09:50,168019671,[]
934,в центре благовещенска женщина оборвала цветы возле кофейни видео,2018-07-11 00:14:29,168019671,[]
935,в тынде медведь бежал за сотрудником депо видео,2018-07-11 00:00:34,168019671,[]
936,в благовещенске собираются построить новую четырехполосную дорогу и мост,2018-07-10 23:58:15,168019671,[]
937,благовещенский хор детство завоевал золотую и серебряную медали на международной хоровой олимпиаде в юар,2018-07-10 14:59:28,168019671,[]
938,,2018-07-10 14:56:16,168019671,[]
939,благовещенский суд назначил наказание в виде суток участникам беспорядков на зейской,2018-07-10 04:59:48,168019671,[]
940,прокуратура нашла множество нарушений в работе зейской больницы в том числе финансовых,2018-07-10 04:52:26,168019671,[]
941,в серышевском районе в дтп погиб иностранец мотоциклист,2018-07-10 02:24:03,168019671,[]
942,дождь и тяжелая техника разрушили подъезд к переулку в чигирях,2018-07-10 02:23:07,168019671,[]
943,пр пала с б ка алабай девочка месяца пр пала в районе пролетарская шевченко дети пл чат ищут везде пр шу в рните за возн граждение пожалуйста,2018-07-09 18:58:08,168019671,[]
944,кому нибудь известно что за выстрелы были слышны в,2018-07-09 18:30:29,168019671,[]
945,дтп на набережной в благовещенске,2018-07-09 18:25:04,168019671,[]
946,таксисты бастуют,2018-07-09 16:01:23,168019671,[]
947,в полиции объяснили за что в благовещенске задержали участников утреннего инцидента,2018-07-09 10:35:50,168019671,[]
948,в тамбовском районе огнеборцы отстояли двухквартирный жилой дом,2018-07-09 08:29:38,168019671,[]
949,благовещенец хотел купить цветы и едва не угодил в открытый люк в центре города на улице калинина,2018-07-09 00:12:46,168019671,[]
950,в понедельник в благовещенске на полмесяца перекроют улицу мухина,2018-07-09 00:06:24,168019671,[]
951,в белогорске погиб шестилетний мальчик выпав из окна,2018-07-08 13:10:58,168019671,[]
952,в интернете появились видео как полицейские задерживают участников массовой драки в благовещенске,2018-07-08 13:09:58,168019671,[]
953,в благовещенске пьяный водитель врезался в аптеку,2018-07-08 13:09:10,168019671,[]
954,,2018-07-08 10:23:13,168019671,
955,появилось еще одно видео с места происшествия на зейской,2018-07-08 02:33:36,168019671,[]
956,вот и посмотрел кто то футбол,2018-07-08 02:30:30,168019671,[]
957,после проигрыша россии некоторые болельщики не смогли сдержать эмоций в благовещенске у закусочной бавария пришлось выставить оцепление посетители бунтовали и обкидывали полицейских бутылками по данным ап задержано около человек,2018-07-08 02:23:58,168019671,[]
958,и июля в приамурье будет проводиться профилактическое мероприятие нетрезвый водитель рассказывает пресс служба умвд россии по амурской области,2018-07-08 02:22:12,168019671,[]
959,вспомним самые яркие моменты нашей сборной на этом чм,2018-07-08 00:44:26,168019671,[]
960,это была интересная игра наши ребята большие молодцы,2018-07-08 00:01:08,168019671,[]
961,фернандес,2018-07-07 23:36:02,168019671,[]
962,черышев забивает первый гол,2018-07-07 21:35:18,168019671,[]
963,россия хорватия,2018-07-07 21:29:26,168019671,[]
964,это фиаско братан в благовещенске виновник дтп скрылся с места происшествия оставив там свой госномер,2018-07-07 18:21:05,168019671,[]
965,тройное дтп на мосту через р зея,2018-07-07 13:07:55,168019671,[]
966,в тынде в результате дтп погиб человек видео,2018-07-07 12:22:56,168019671,[]
967,в благовещенске суд в очередной раз не разрешил открыть трц реал,2018-07-07 12:21:30,168019671,[]
968,соцсети в белогорске ищут сбежавшего из военной части солдата срочника,2018-07-07 12:20:30,168019671,[]
969,какие важные проблемы в нашем городе требуют решения,2018-07-06 15:28:10,168019671,[]
970,в тындинском районе медвежонок вышел к автодороге видео,2018-07-05 22:04:46,168019671,[]
971,,2018-07-05 19:49:20,168019671,
972,битва городов амурской области,2018-07-05 00:54:02,168019671,[]
973,амурчанку шокировал интерьер детской областной поликлиники,2018-07-05 00:29:23,168019671,[]
974,амурская полиция дерзкого мотоциклиста привлекут к ответственности,2018-07-05 00:26:19,168019671,[]
975,в белогорске создают комфортную городскую среду,2018-07-05 00:25:11,168019671,[]
976,дтп под благовещенском среди пострадавших дети и беременная женщина,2018-07-05 00:21:44,168019671,[]
977,амурчанин растратил деньги оставленные почтальоном без присмотра,2018-07-05 00:20:36,168019671,[]
978,под благовещенском лоб в лоб столкнулись седан и грузовик,2018-07-04 11:06:03,168019671,[]
979,доброе утро благовещенск,2018-07-04 02:50:31,168019671,[]
980,у благовещенца конфисковали компьютер для майнинга,2018-07-04 02:36:42,168019671,[]
981,вандал в благовещенске вырвал саженец ели из клумбы,2018-07-04 02:36:08,168019671,[]
982,в благовещенске тойота вылетевшая на тротуар чуть не сбила продавца кваса,2018-07-04 02:34:42,168019671,[]
983,где в благовещенске можно посмотреть кроссовые мотоциклы фирмы и т д,2018-07-04 02:33:48,168019671,[]
984,мусор вне закона благовещенск и область объявили войну стихийным свалкам,2018-07-03 22:14:24,168019671,[]
985,ветераны здесь,2018-07-03 21:27:42,168019671,[]
986,в благовещенске второй раз обрушился фасад жилой этажки,2018-07-03 13:06:16,168019671,[]
987,доброго времени суток давно хочу иметь у себя на голове дреды не подскажите хорошего мастера по дредам,2018-07-02 15:39:26,168019671,[]
988,в благовещенске внедорожник чуть не проехал по ногам пешехода,2018-07-02 15:38:00,168019671,[]
989,следователи подтвердили факт гибели девушки в тынде,2018-07-02 15:36:28,168019671,[]
990,,2018-07-02 15:36:08,168019671,
991,в белогорске утонул мужчина,2018-07-02 15:35:52,168019671,[]
992,дачники из владимировки обнаружили невиданно крупных пауков видео,2018-07-02 15:33:01,168019671,[]
993,это войдет в историю,2018-07-01 21:05:03,168019671,[]
994,сборная россии по футболу обыгрывает команду испании по пенальти и выходит в чемпионата мира по футболу,2018-07-01 20:08:18,168019671,[]
995,анастасия пунчук,2018-07-01 13:59:08,168019671,[]
996,,2018-07-01 10:38:19,168019671,
997,,2018-07-01 10:38:15,168019671,
998,под шимановском фура на минут перегородила проезжую часть федеральной дороги,2018-07-01 10:34:50,168019671,[]
999,в селе игнатьево устраняют отключение энергоснабжения,2018-07-01 10:33:34,168019671,[]
1000,крупный град прошел в окрестностях благовещенска,2018-07-01 10:32:43,168019671,[]
1001,в белогорске идет сильный дождь с сильным ветром,2018-06-30 15:56:33,168019671,[]
1002,рано утром неизвестный мужчина призывал благовещенцев сразиться с ним видео,2018-06-30 13:52:30,168019671,[]
1003,,2018-06-30 13:44:53,168019671,
1004,доброе утро благовещенск,2018-06-30 01:42:16,168019671,[]
1005,карта дорожных работ в благовещенске,2018-06-30 01:39:35,168019671,[]
1006,в благовещенске перекроют участок улицы кузнечной,2018-06-30 01:36:59,168019671,[]
1007,благовещенка за день обошла мест где потратила чужие деньги,2018-06-30 01:34:56,168019671,[]
1008,доброе утро,2018-06-30 01:32:12,168019671,[]
1009,подростки на мопеде угодили под автобус в райчихинске,2018-06-29 01:32:36,168019671,[]
1010,в благовещенске легковушка разбилась о бетономешалку,2018-06-29 01:31:52,168019671,[]
1011,в благовещенске не поделили дорогу мотоцикл и легковой автомобиль видео,2018-06-29 01:10:50,168019671,[]
1012,в аккаунте благовещенской учительницы появился пост о ее нелюбви к ученикам,2018-06-29 01:10:20,168019671,[]
1013,благовещенская фирма несет огромные расходы из за таинственной женщины видео,2018-06-29 01:08:35,168019671,[]
1014,ребята подскажите где можно в ночное время провести время с товарищами набка и панорама не в счет вопрос наверняка интересующий многих,2018-06-28 22:45:07,168019671,[]
1015,в белогорске автомобиль сбил двух девушек видео,2018-06-28 01:44:53,168019671,[]
1016,в благовещенске не поделили дорогу мотоцикл и легковой автомобиль видео,2018-06-28 01:44:14,168019671,[]
1017,утро доброе благовещенск,2018-06-27 22:53:17,168019671,[]
1018,,2018-06-27 10:41:23,168019671,
1019,в дтп на трассе свободный благовещенск погиб человек,2018-06-27 09:33:35,168019671,[]
1020,в благовещенске мотоциклист дерзко проигнорировал автоинспектора видео,2018-06-27 09:32:33,168019671,[]
1021,в центре благовещенска парни сделали берпи видео,2018-06-27 09:31:49,168019671,[]
1022,в белогорске автомобиль сбил двух девушек видео,2018-06-27 09:30:38,168019671,[]
1023,в благовещенске автомобилист снес ограждение и выехал на тротуар видео,2018-06-26 23:52:20,168019671,[]
1024,под свободным в дтп пострадал мотоциклист,2018-06-26 23:51:41,168019671,[]
1025,в благовещенске улицу трудовую перекроют из за просадки асфальта,2018-06-26 23:49:36,168019671,[]
1026,в дтп на трассе свободный благовещенск погиб человек,2018-06-26 23:48:20,168019671,[]
1027,в амурском уфнс рассказали как будут бороться с теневым бизнесом в соцсетях,2018-06-26 23:44:29,168019671,[]
1028,в сковородинском районе произошло землетрясение,2018-06-26 01:07:10,168019671,[]
1029,благовещенская семья просит вернуть айфон по хорошему,2018-06-26 01:06:21,168019671,[]
1030,в благовещенске королла метким ударом опрокинула внедорожник,2018-06-26 01:05:32,168019671,[]
1031,каких объектов инфраструктуры вам не хватает в благовещенске,2018-06-26 00:38:04,168019671,[]
1032,чм,2018-06-25 17:04:18,168019671,[]
1033,подскажите хорошее кафе китайской кухни с нормальными ценами и качеством блюд на день рождение,2018-06-25 12:30:19,168019671,[]
1034,благовещенцам мешают спать шумные мотогонщики,2018-06-25 11:03:17,168019671,[]
1035,в благовещенске пропал летний мальчик,2018-06-25 11:02:50,168019671,[]
1036,продавец кваса в благовещенске оказалась преступницей скрывающейся от правоохранителей,2018-06-25 02:18:18,168019671,[]
1037,с июня без горячей воды останется центральная часть благовещенска,2018-06-25 02:14:22,168019671,[]
1038,очевидцы сообщают о дтп с погибшими на трассе свободный благовещенск,2018-06-25 02:13:22,168019671,[]
1039,благовещенец должен заплатить больше миллионов рублей за уклонение от уплаты налогов,2018-06-24 09:48:00,168019671,[]
1040,в новобурейском насмерть сбили человека,2018-06-24 07:48:00,168019671,[]
1041,очевидцы в благовещенске мужчина душил на улице собаку,2018-06-24 05:14:00,168019671,[]
1042,на аэропортовской трассе разбился мотоциклист видео,2018-06-24 04:48:00,168019671,[]
1043,житель зеи нашел пакет с золотом и пошел под суд,2018-06-24 00:56:45,168019671,[]
1044,в соцсетях обсуждают потасовку возле благовещенского кафе видео,2018-06-24 00:48:23,168019671,[]
1045,вот такая прелесть творится на амурской ярмарке,2018-06-23 15:15:05,168019671,[]
1046,этап рдс восток состоялся,2018-06-23 14:19:25,168019671,[]
1047,сегодня прошло просто нереально крутое событие рдс восток,2018-06-23 14:16:28,168019671,[]
1048,амурчане купившие векселя фтк вышли на пикет к офису атб,2018-06-23 12:49:08,168019671,[]
1049,,2018-06-23 08:00:52,168019671,
1050,в благовещенске в день выпускного автобусы временно изменят маршруты,2018-06-23 02:57:29,168019671,[]
1051,благовещенка хотела спасти птенцов дикой птицы видео,2018-06-23 02:56:39,168019671,[]
1052,городской суд не разрешил открыть центральный универмаг в благовещенске,2018-06-22 13:44:29,168019671,[]
1053,очевидцы под благовещенском летнего парня переехали два автомобиля,2018-06-22 10:13:37,168019671,[]
1054,на благовещенск обрушился ливень с градом,2018-06-22 10:12:43,168019671,[]
1055,апокалипсис,2018-06-22 10:04:54,168019671,[]
1056,в благовещенске ищут парней открыто похитивших имущество видео,2018-06-22 01:44:15,168019671,[]
1057,с утра июня в благовещенске будет закрыт для движения транспорта участок улицы шевченко от октябрьской до красноармейской это связано с проведением работ по ямочному ремонту асфальтобетонного покрытия,2018-06-22 01:42:09,168019671,[]
1058,житель благовещенска продаст уникальную коллекцию монет ради ипотеки,2018-06-22 01:40:47,168019671,[]
1059,фото,2018-06-22 01:38:27,168019671,[]
1060,фото,2018-06-22 01:38:12,168019671,[]
1061,фото,2018-06-22 01:37:57,168019671,[]
1062,фото,2018-06-22 01:37:27,168019671,[]
1063,благовещенск,2018-06-22 01:32:22,168019671,[]
