0,,2019-02-01 16:00:04,107816149,
1,не знаете как ответить на вопросы детей о работе внутренних органов человека а может ваш ребенок мечтает стать врачом и вы уже сбились со счета от его почему тогда советуем посетить выставку внутри человека в гаук рб национальный музей республики бурятия на куйбышева тел,2019-02-01 15:00:04,107816149,[]
2,что интересного и необычного посетить в городе в этом месяце,2019-02-01 14:00:01,107816149,[]
3,в новосибирске школьник после соревнований по мма оказался в больнице,2019-02-01 08:05:02,107816149,[]
4,в добрые руки,2019-02-01 06:16:14,107816149,[]
5,в среду в зал совета федерации вошли люди в масках перед этим с трибуны выступил генпрокурор россии юрий чайка сообщивший сенаторам о снятии с рауфа арашукова сенаторской неприкосновенности и предъявлении ему обвинения по нескольким статьям ук после этого арашуков был задержан,2019-01-31 05:52:11,107816149,[]
6,,2019-01-30 20:40:58,107816149,
7,пропал человек с местонахождение неизвестно красиков иван лет всем кто знает его место нахождения или связь с ним прошу сообщить по тел или в л с помогите распространить,2019-01-30 17:21:27,107816149,[]
8,куда сходить в будни в улан удэ на выставку ван гога,2019-01-30 14:00:01,107816149,[]
9,жители бурятии об очередном дтп в вахмистрово пора тросы убирать,2019-01-29 06:24:42,107816149,[]
10,отдам в добрые руки девочка месяца подкинули в подъезд соседи ругаются то что она там живет жалко ее заберите кто нибудь,2019-01-29 06:06:59,107816149,[]
11,на выставки с детьми можно и даже нужно ходить,2019-01-28 15:30:00,107816149,[]
12,меньше месяца осталось до закрытия мультимедийной выставки выставка ван гог оживающие полотна в гаук рб национальный музей республики бурятия по адресу улан удэ ул куйбышева категория тел,2019-01-28 14:00:03,107816149,[]
13,вице премьер поддержал снижение не штрафуемого порога превышения скорости с до км ч,2019-01-28 06:17:13,107816149,[]
14,подкинули щенят к магазину белый мальчик остальные девочки пожалуйста помогите спасти их видимо только от мамки оторвали чистенькие такие славные звоните скорее оюна,2019-01-28 03:29:00,107816149,[]
15,удивительный лед байкала,2019-01-27 11:37:03,107816149,[]
16,три спортсменки из бурятии стали призерами международного турнира по боксу,2019-01-27 11:19:35,107816149,[]
17,сменил имя и вновь вернулся на олимп перезагрузить свою спортивную карьеру удалось боксеру из бурятии тамиру галанову после того как он по совету хамбо ламы из иволгинского дацана отказался от имени бэлик в интервью комсомолке спортсмен рассказал как после смены имени вернул титул чемпиона россии завоевал бронзу чемпионата мира и стал одним из главных претендентов на поездку на олимпиаду,2019-01-27 10:05:37,107816149,[]
18,во владивостоке сейчас жарко несмотря на зиму здесь начался полуфинал конкурса лидеры россии на который собрались управленцев из регионов дальневосточного федерального округа в том числе из республики бурятия чтобы в напряженной конкурентной борьбе завоевать себе право на выход в финал,2019-01-26 08:00:02,107816149,[]
19,почемучки ликуйте,2019-01-25 15:30:00,107816149,[]
20,на выходных всей семьей на новый мультимедийный проект выставка ван гог оживающие полотна в гаук рб национальный музей республики бурятия по адресу улан удэ ул куйбышева который уже покорил своей красотой первых зрителей категория тел,2019-01-25 14:00:06,107816149,[]
21,суд обязал мэрию улан удэ ликвидировать очередь в детские сады,2019-01-25 08:52:00,107816149,[]
22,очевидцы сообщили о заложенной бомбе в центре улан удэ,2019-01-25 06:34:35,107816149,[]
23,доброй ночи улан удэ,2019-01-24 19:02:51,107816149,[]
24,улан удэ ретро,2019-01-24 06:17:47,107816149,[]
25,что интересного на выставке внутри человека,2019-01-23 15:30:00,107816149,[]
26,куда сходить в ребенком в улан удэ,2019-01-23 14:07:11,107816149,[]
27,января потерялся щенок немецкой овчарки в районе квартала без ошейника откликается на кличку арман помогите пожалуйста найти любая информация очень важна хорошее вознаграждение алексей екатерина,2019-01-23 11:35:17,107816149,[]
28,символ сплетения рек уда и селенга на берегах которых стоит город улан удэ,2019-01-23 06:33:32,107816149,[]
29,животные,2019-01-22 09:33:00,107816149,['животные']
30,доброе утро улан удэ,2019-01-22 03:16:00,107816149,[]
31,куда сходить с ребенком в улан удэ,2019-01-21 15:34:00,107816149,[]
32,что интересного и необычного посетить в городе в этом месяце,2019-01-21 14:35:00,107816149,[]
33,срочно требуются интервьюеры в городе улан удэ,2019-01-21 13:32:17,107816149,[]
34,,2019-01-20 20:17:09,107816149,
35,доброй ночи улан удэ,2019-01-19 16:04:50,107816149,[]
36,января святое богоявление крещение господа бога и спаса нашего иисуса христа,2019-01-19 11:12:15,107816149,[]
37,традиционный забег от мэра улан удэ,2019-01-18 20:20:03,107816149,[]
38,почемучки ликуйте,2019-01-18 15:28:00,107816149,[]
39,куда сходить в выходные в улан удэ на выставку ван гога,2019-01-18 14:28:00,107816149,[]
40,мы все еще в поисках своего человека для этой милой собаки очень любит детей активная девчонка будет маленькая нужен ответственный хозяин с любящим сердцем и доброй душой она замечательная в нее не влюбиться невозможно ее любит весь двор но увы на улице очень опасно поэтому очень хочется найти ей,2019-01-18 09:18:00,107816149,[]
41,жителям бурятии рассказали о подготовке к крещенским купаниям,2019-01-18 06:35:01,107816149,[]
42,ребята контент для ваших подписчиков существует множество опросов сколько должен зарабатывать мужчина мы сняли социальный опрос сколько должна зарабатывать женщина чтобы мужчина рассмотрел ее для серьезных отношений с интересными диалогами и респондентами,2019-01-16 21:40:45,107816149,[]
43,куда сходить с ребенком в улан удэ,2019-01-16 15:28:00,107816149,[]
44,все дни кроме понедельника в улан удэ работает уникальная выставка выставка ван гог оживающие полотна в гаук рб национальный музей республики бурятия по адресу улан удэ ул куйбышева тел,2019-01-16 14:00:02,107816149,[]
45,шахматистка из бурятии поедет на мировое первенство в тунис,2019-01-16 06:23:30,107816149,[]
46,ищем любящих хозяев готовых подарить теплую будку очаровательной чернышке девочке с мягкой шелковой шерсткой девочка очень осторожная но ласковая очень умная будет хорошей охранницей активный и позитивный ребенок готовый дарить вам свою любовь и верность тел,2019-01-16 03:28:00,107816149,[]
47,наши земляки сняли интересный клип приятного просмотра,2019-01-15 15:51:13,107816149,[]
48,байкал,2019-01-15 06:51:41,107816149,[]
49,впервые в улан удэ с января новая детская интерактивная выставка внутри человека в гаук рб национальный музей республики бурятия на куйбышева тел,2019-01-14 15:30:00,107816149,[]
50,куда сходить в будни в улан удэ на выставку ван гога,2019-01-14 14:00:05,107816149,[]
51,в улан удэ ребенок на ватрушке скатился с горки под колеса грузовика,2019-01-13 16:55:00,107816149,[]
52,красота улан удэ,2019-01-13 09:28:43,107816149,[]
53,юный скульптор из бурятии удивляет своими работами,2019-01-13 09:23:14,107816149,[]
54,,2019-01-12 13:46:40,107816149,
55,,2019-01-12 12:29:07,107816149,
56,в бурятии погиб водитель слетев с моста в реку,2019-01-12 10:01:06,107816149,[]
57,здравствуйте дорогие жители улан удэ скоро будем переезжать семьей в ваш город муж военный переводят и меня интересует абсолютно все о жизни в этом городе цены съем квартир школы культурные достопримечательности вообщем все плюсы и минусы и еще очень интересует такой вопрос мне говорили что раньше в вашем городе не очень любили русских как сейчас обстоят с этим дела,2019-01-12 09:38:25,107816149,[]
58,кв,2019-01-11 20:06:03,107816149,[]
59,на выходных всей семьей на новый мультимедийный проект выставка ван гог оживающие полотна в гаук рб национальный музей республики бурятия по адресу улан удэ ул куйбышева который уже покорил своей красотой первых зрителей категория тел,2019-01-11 14:52:00,107816149,[]
60,найдены права репост,2019-01-11 06:16:38,107816149,[]
61,доброго дня улан удэ,2019-01-10 06:41:46,107816149,[]
62,а просто так,2019-01-08 19:32:51,107816149,[]
63,доброго вечера улан удэ,2019-01-08 12:58:00,107816149,[]
64,как проводят праздничные дни улан удэнцы и гости столицы,2019-01-08 11:06:47,107816149,[]
65,вот такая красота в иволгинской церкви,2019-01-07 20:20:50,107816149,[]
66,куда сходить в ребенком в улан удэ,2019-01-07 14:33:00,107816149,[]
67,января рождество господа и спаса нашего иисуса христа,2019-01-07 09:10:00,107816149,[]
68,всем здравствуйте детская поликлиника по ул геологическая у меня нет слов недавно наблюдала такую картину девушка ругалась со старшей мед сестрой из за того что поликлиника выдавала смеси меньше чем положено оказывается положено по пачек на ребенка каждый месяц а выдают по вы демоны в белых халатах вы с ума посходили на детях экономите во время скандала ст мед сестра бросила такую фразу скажите вообще спасибо что даем все посетители конечно обомлели это уже ни в какие рамки не входит позор детской поликлинике наживаетесь на детском питании куда смотрит глав врач минздрав,2019-01-06 15:14:17,107816149,[]
69,очень нужен дом этим очаровашкам все девочки живут в будке будут средними возможна доставка прямо в руки давайте подарим этим замечательным щенкам дом всех с новым годом,2019-01-06 09:55:07,107816149,[]
70,доброй ночи улан удэ,2019-01-05 18:56:03,107816149,[]
71,куда сходить в новогодние праздничные дни в улан удэ на выставку ван гога,2019-01-05 14:33:00,107816149,[]
72,добрый вечер улан удэ сегодня мой ребенок катался с горки на саянах и обронил телефон сам телефон уже старенький важна карта памяти с фото может кому то попытаются продать или кто то подобрал огромная просьба вернуть серебристый нокиа кнопочный потертый кирпичик,2019-01-04 20:50:11,107816149,[]
73,,2019-01-04 12:43:32,107816149,
74,что интересного и необычного посетить в городе в этом месяце,2019-01-03 14:26:00,107816149,[]
75,ищем дом славным пушистикам наконец то удалось их сфотографировать щенули замечательные глазки пуговки носики черные присмотритесь к ним пожалуйста вдруг это именно ваш друг которого вы искали,2019-01-02 10:11:22,107816149,[]
76,найден паспорт и снилс,2019-01-02 09:24:08,107816149,[]
77,репост чтобы знали кто создает и принимает противонародные законы повышение ндс пенсионного возраста и прочее,2019-01-01 16:02:49,107816149,[]
78,с наступившим новым годом куда сходить в улан удэ в новогодние выходные,2019-01-01 15:00:00,107816149,[]
79,,2019-01-01 10:51:42,107816149,[]
80,с наступающим вас новым годом,2018-12-31 09:53:03,107816149,[]
81,сегодня декабря в улан удэ откроется главная городская елка на площади советов,2018-12-31 09:49:26,107816149,[]
82,первое видео с места падения вертолета робинсон в улан удэ погибли человека,2018-12-30 08:52:16,107816149,[]
83,александр гоголь под псевдонимом выпустил новый альбом давайте слушать поддержите парня,2018-12-29 18:42:51,107816149,[]
84,на новогодние выходные всей семьей на новый мультимедийный проект выставка выставка ван гог оживающие полотна в гаук рб национальный музей республики бурятия по адресу улан удэ ул куйбышева который уже покорил своей красотой первых зрителей категория,2018-12-28 15:00:00,107816149,[]
85,всем здравствуйте сегодня последний день спасти хоть какую то собаку с кбу завтра их усыпят на ботанической а мусоросортировочная станция вы можете спасти чью то жизнь кто то встретит новый год а кто то нет,2018-12-28 06:27:11,107816149,[]
86,котенок ищет дом,2018-12-28 05:24:24,107816149,[]
87,ребят множество опросов сколько должен зарабатывать мужчина,2018-12-27 20:17:35,107816149,[]
88,доброе утро улан удэ,2018-12-27 03:16:00,107816149,[]
89,в улан удэ открылась уникальная выставка выставка ван гог оживающие полотна в гаук рб национальный музей республики бурятия по адресу улан удэ ул куйбышева,2018-12-26 14:00:01,107816149,[]
90,,2018-12-26 06:17:39,107816149,
91,почти собак приговорены к смерти в усыпалке кбу точную цифру в кбу не назвали либо их усыпят точнее они умрут от удушья перед новым годом либо они будут мучительно умирать от холода и голода в темных вольерах во время новогодних праздников,2018-12-25 18:30:14,107816149,[]
92,,2018-12-25 17:29:28,107816149,
93,улан удэ лет назад,2018-12-25 06:10:50,107816149,[]
94,аляска ищет дом и надежных хозяев которые навсегда станут для нее любящей семьей,2018-12-24 23:02:19,107816149,[]
95,улан удэ с высоты центр российского буддизма,2018-12-24 17:13:00,107816149,[]
96,все дни кроме понедельника работает новая мультимедийная выставка выставка ван гог оживающие полотна в гаук рб национальный музей республики бурятия по адресу улан удэ ул куйбышева,2018-12-24 15:00:00,107816149,[]
97,доброе утро улан удэ,2018-12-24 03:11:00,107816149,[]
98,ищет самых заботливых и любящих хозяев невероятно красивый и спокойный котик шурупик,2018-12-23 21:58:23,107816149,[]
99,найдены документына авто на имя пунсуков чимит цыдыпович птс омс ключи в л с репост,2018-12-23 21:58:20,107816149,[]
100,ищу перевалову татьяну ильиничну прожевавшую в городе иркутск в районе аэропорта ул ширямова коммунальный дом в годы ищет двоюродная сестра перевалова татьяна валентиновна в последнее время было известно что она переехала в республику бурятия город улан удэ или в какой то район прошу отзовитесь пожалуйста не анон,2018-12-23 18:24:49,107816149,[]
101,,2018-12-23 13:58:00,107816149,
102,зимний улан удэ,2018-12-23 10:28:56,107816149,[]
103,в предверии нового года поддержите мальчишку лайком,2018-12-22 13:38:52,107816149,[]
104,добрый день помогите найти хаски помесь с лайкой ушел видели последний рас в квартале возле дома в,2018-12-22 10:00:24,107816149,[]
105,,2018-12-22 03:59:00,107816149,
106,уже завтра открытие новой грандиозной мультимедийной выставки выставка ван гог оживающие полотна в гаук рб национальный музей республики бурятия по адресу улан удэ ул куйбышева,2018-12-21 14:58:00,107816149,[]
107,,2018-12-21 11:58:00,107816149,
108,дорогие наши друзья,2018-12-20 17:33:50,107816149,[]
109,с наступающим,2018-12-20 17:29:28,107816149,[]
110,,2018-12-20 07:14:00,107816149,[]
111,уже в пути а вы ждете,2018-12-20 03:34:00,107816149,[]
112,куда сходить в улан удэ в выходные,2018-12-19 15:00:00,107816149,[]
113,я улан удэ,2018-12-19 06:10:43,107816149,[]
114,доброго дня любимый город,2018-12-19 05:02:00,107816149,[]
115,кровавую бойню в улан удэнской школе включили в число самых ужасных злодеяний года,2018-12-19 03:09:00,107816149,[]
116,дзюдоисты бурятии заняли призовые места турнира городов сибири и дальнего востока,2018-12-18 20:17:42,107816149,[]
117,срочно срочно срочно потерялся кобель хаски помесь с лайкой по кличке бим в районе ул приречная последний раз видели на лебедева очень прошу сообщить любую информацию телефон или написать в лч,2018-12-18 17:54:06,107816149,[]
118,,2018-12-18 13:17:05,107816149,
119,,2018-12-18 04:45:07,107816149,
120,,2018-12-17 14:30:02,107816149,
121,днем декабря летняя анастасия лазарева вместе с дочерью выехала на маршрутке из села ильинка в улан удэ из столицы она планировала поехать в кижингу к матери однако до пункта назначения девушка и ее полуторагодовалая дочь так и не добрались,2018-12-17 09:36:00,107816149,[]
122,,2018-12-17 06:17:06,107816149,[]
123,ты ведь пришел за мной этот вопрос застывает в глазах у собак и кошек когда в приюте возрождение алиса появляется незнакомый человек распахивается калитка слышны шаги и собаки как по команде подбегают к решеткам вольеров хвосты бешено виляют в такт биению сердца может быть в этот раз сюда заглянул хозяин тот самый что будет разучивать вместе с тобой команды угощать вкусной косточкой гулять играть да много чего еще можно делать с хозяином если он есть,2018-12-16 10:50:40,107816149,[]
124,,2018-12-16 10:50:17,107816149,
125,,2018-12-15 16:30:14,107816149,
126,иволгинский дацан,2018-12-15 11:07:15,107816149,[]
127,,2018-12-14 21:26:58,107816149,[]
128,проспект победы,2018-12-14 18:40:51,107816149,[]
129,городничий выпуск,2018-12-14 12:31:45,107816149,[]
130,внимание внимание внимание,2018-12-14 07:24:10,107816149,[]
131,девочки,2018-12-14 06:02:46,107816149,[]
132,чуть больше недели до открытия новый грандиозный мультимедийный проект выставка ван гог оживающие полотна в гаук рб национальный музей республики бурятия по адресу улан удэ ул куйбышева,2018-12-13 15:00:01,107816149,[]
133,,2018-12-13 06:33:29,107816149,[]
134,кяхтинский район дацан балдан брэйбун,2018-12-13 03:16:00,107816149,[]
135,дорогие наши друзья,2018-12-12 21:04:01,107816149,[]
136,впервые в улан удэ с декабря выставка реальные динозавры это яркая концептуально новая выставка одвиженых фигур динозавров безсомнения не оставит вас и ваших детей без положительных эмоций все фигуры двигаются машут хвостами моргают и максимально реалистичны реальные динозавры не только увлекательное зрелище но и учебно методическое пособие для учащихся школ и широкого круга людей цена билетов взрослый детский и пенсионный дети до х лет включительно бесплатно фото и видео съемка бесплатно ждем вас по адресу г улан удэ ул автомобилистов а трц ежедневно с до тел фото с выставки на странице в инстаграм,2018-12-12 13:54:38,107816149,[]
137,социальный опрос контент для подписчиков группы,2018-12-12 12:20:14,107816149,[]
138,всем привет отдаем девочку в самую заботливую и дружную семью коту повезло уже его забрали хорошие люди пусть и ей повезет пожалуйста максимальный репост она тоже заслужила быть счастливой очень веселая и жизнерадостная собака,2018-12-12 06:47:04,107816149,[]
139,до нового года остался дней уже готовитесь,2018-12-11 17:37:12,107816149,[]
140,,2018-12-11 12:31:29,107816149,
141,,2018-12-11 05:48:22,107816149,
142,всем доброго времени суток нас зовут рыжуля и ладушка ищем добрые и ответственные ручки когда то нас и еще двоих щенят подкинули под лестницу к одной из пятиэтажек начались холода и добрые ручки укрыли нас в огороде в будке но случилась беда я рыжуля первая заболела энтеритом меня долго лечили неравнодушные люди помогали и лекарствами и деньгами потом заболела моя сестричка ее спасти не смогли и она умерла следом заболела самая маленькая из нас и тоже ее не успели спасти когда сделали тест на энтерит ладушке он был отрицательный и нам двоим поставили прививки мы по прежнему живем в будке в огороде но к сожалению больше там жить нам нельзя и мы срочно ищем дом помогите нам ведь не зря мы выжили,2018-12-10 17:54:48,107816149,[]
143,,2018-12-10 15:00:02,107816149,
144,в мэрии улан удэ напомнили при какой температуре можно не ходить в школу,2018-12-10 06:18:00,107816149,[]
145,прошу пожалуйста опубликовать купила билет москва внуково улан удэ декабря в и багаж кг купила за продам за тр все сделать можно онлайн или в москве встретится,2018-12-10 06:00:43,107816149,[]
146,летний атлет из бурятии вновь попал в книгу рекордов россии,2018-12-10 05:00:02,107816149,[]
147,все по делу,2018-12-10 03:08:00,107816149,[]
148,,2018-12-09 10:05:09,107816149,
149,доброй ночи улан удэ,2018-12-08 16:02:49,107816149,[]
150,нужна помощь,2018-12-07 18:03:00,107816149,[]
151,,2018-12-07 12:57:04,107816149,
152,доброго дня улан удэ,2018-12-06 06:41:06,107816149,[]
153,студент из улан удэ выиграл олимпиаду в кемерово,2018-12-05 14:35:17,107816149,[]
154,кто нибудь в курсе ярмарка мяса будет еще,2018-12-05 14:35:09,107816149,[]
155,байкал,2018-12-04 08:47:10,107816149,[]
156,интересный фильм о баргузинском заповеднике,2018-12-03 08:59:53,107816149,[]
157,улан удэ город добрых традиций,2018-12-03 08:35:32,107816149,[]
158,добрый день приехали в ваш город подскажите куда можно сходить отдохнуть погулять увидить красоту,2018-12-03 07:04:39,107816149,[]
159,вечерний улан удэ,2018-12-02 07:22:33,107816149,[]
160,с ым днем зимы улан удэ,2018-12-01 09:43:17,107816149,[]
161,в улан удэ на центральном стадионе уже работает самый большой каток,2018-12-01 09:28:16,107816149,[]
162,доброго времени суток х чу в свободное время п др б тать водителем в т к и можно ли сейчас з раб т ть там и в каком лучше,2018-11-30 21:37:23,107816149,[]
163,,2018-11-29 19:20:23,107816149,
164,итак только на ближайшие выходные запускаем очередную акцию,2018-11-29 09:23:36,107816149,[]
165,улан удэнцев призывают жаловаться на холод в квартирах,2018-11-29 06:01:00,107816149,[]
166,в школах бурятии перестанут запускать воздушные шары,2018-11-29 03:05:00,107816149,[]
167,какое у вас самое любимое место площадь кафе просто озеро речка без разницы в улан удэ пишем в комментариях,2018-11-28 07:33:15,107816149,[]
168,доброго дня улан удэ,2018-11-28 06:25:01,107816149,[]
169,в улан удэ подорожает проезд в маршрутках,2018-11-28 06:24:12,107816149,[]
170,доброй ночи улан удэ,2018-11-27 16:37:00,107816149,[]
171,вы мечтаете купить квартиру в новостройке новосибирска и уже перелопатили сотни сайтов застройщиков эксперт строящегося жилья с летним стажем владимир дергачев даст вам рекомендации по подбору квартиры с учетом именно вашей ситуации встретим вас в новосибирске и покажем выбранные варианты поможем с получением ипотечного кредита и с оформлением квартиры,2018-11-27 03:03:00,107816149,[]
172,в улан удэ откроется катков,2018-11-27 02:19:00,107816149,[]
173,последствия сильного ветра в улан удэ,2018-11-26 22:22:22,107816149,[]
174,с праздником дорогие мамы,2018-11-25 23:16:22,107816149,[]
175,доброй ночи родной улан удэ,2018-11-25 19:16:01,107816149,[]
176,доброе утро улан удэ,2018-11-25 03:10:00,107816149,[]
177,отменить пенсионную реформу можно нужно только захотеть движение суть времени лидер сергей кургинян продолжает борьбу против людоедских реформ власти описание ближайших шагов приведено в ролике,2018-11-24 17:47:50,107816149,[]
178,потерялся паспорт на имя хамаганов александр владимирович если кто то нашел пусть пишет в личку буду благодарен за репост,2018-11-24 11:56:34,107816149,[]
179,найден щенок спаниель на улице пушкина по вопросам пишите в личку,2018-11-24 03:16:00,107816149,[]
180,рэперу хаски из улан удэ назначили суток административного ареста,2018-11-23 15:45:30,107816149,[]
181,здравствуйте где в улан удэ можно поиграть в футбол в воскресенье в зале и сколько стоит аренда зала,2018-11-23 15:43:49,107816149,[]
182,смотрите внимательно какие деньги вам даю даже банкоматы обманываются,2018-11-23 13:19:09,107816149,[]
183,в улан удэ дети отравились в детском саду,2018-11-23 13:13:25,107816149,[]
184,,2018-11-22 21:34:33,107816149,[]
185,,2018-11-22 07:00:03,107816149,
186,в один байкал поместятся все пять великих озер и еще останется место для самого крупного в европе пресного озера ладожского,2018-11-22 06:17:00,107816149,[]
187,спортивная обувь окончательно стала самой модной,2018-11-22 03:10:00,107816149,[]
188,доброй ночи улан удэ,2018-11-21 17:54:35,107816149,[]
189,многодетные матери бурятии могут получить льготы,2018-11-21 16:34:00,107816149,[]
190,есть желание работать не упусти возможность начать карьеру уже сегодня,2018-11-21 09:26:23,107816149,[]
191,в улан удэ временно изменится схема движения двух маршрутов,2018-11-21 03:34:00,107816149,[]
192,доброе утро улан удэ,2018-11-21 02:14:00,107816149,[]
193,сми минздрав поддержал введение налога на колбасу,2018-11-20 11:42:33,107816149,[]
194,обратите внимание на девчонок они остались без мамы и пытаются сами выжить в этом непростом мире хорошо охраняют свою территорию рыжая щенуля как солнышко ласковая черненькая очень активная егоза ищем для них дом по всем вопросам писать в личку помощь в стерилизации животные,2018-11-20 03:04:00,107816149,['животные']
195,волшебный лед байкала,2018-11-19 10:32:04,107816149,[]
196,шумакский перевал,2018-11-19 07:19:34,107816149,[]
197,,2018-11-18 15:44:17,107816149,
198,из за строительства третьего моста в улан удэ изымают земельные участки,2018-11-18 15:43:05,107816149,[]
199,в улан удэ произошло дтп с участием маршрутки,2018-11-18 15:37:39,107816149,[]
200,в улан удэ проверили люки,2018-11-18 15:31:52,107816149,[]
201,в улан удэ ремонтируются лифты в рамках программы капитального ремонта многоквартирных домов,2018-11-18 15:28:22,107816149,[]
202,в улан удэ проходят соревнования по ушу,2018-11-18 15:25:30,107816149,[]
203,отдам в хорошие руки котенка месяца мальчик ходит в латок кушает практически все,2018-11-18 10:14:00,107816149,[]
204,,2018-11-17 15:42:51,107816149,
205,подборка ночной улан удэ,2018-11-17 13:24:50,107816149,[]
206,детская площадка на час,2018-11-17 10:48:16,107816149,[]
207,в улан удэ иномарка въехала в маршрутку с пассажирами,2018-11-17 10:37:04,107816149,[]
208,у нас есть самый лучший в мире антидеприссант знакомьтесь это наши стерильные котятки если вы возьмете себе это чудо домой то вам обеспечены тепло и уют нежность и внимание любовное мурлыканье и обожание а как приятно гладить шелковистую шерстку если вам понравился один из этих пушистых комочков звоните по телефону на фото возьмите в дом маленькое чудо животные,2018-11-16 07:10:43,107816149,['животные']
209,утеряны документы на имя михайлов александр алексеевич во дворах по адресу ул преживальского около дома номер нашедший просьба вернуть за вознаграждение,2018-11-15 08:14:36,107816149,[]
210,час назад видели на улице трубачеева просим неравнодушных помочь с поиском,2018-11-15 03:41:00,107816149,[]
211,доброй ночи улан удэ,2018-11-14 18:30:17,107816149,[]
212,обратите внимание на девчонок они остались без мамы и пытаются сами выжить в этом непростом мире хорошо охраняют свою территорию рыжая щенуля как солнышко ласковая черненькая очень активная егоза ищем для них дом по всем вопросам писать в личку помощь в стерилизации животные,2018-11-14 15:42:17,107816149,['животные']
213,свежие вакансии,2018-11-14 10:25:13,107816149,[]
214,успевайте записаться на ультразвуковую чистку лица по бомбической акции всего за руб,2018-11-14 07:57:54,107816149,[]
215,доброго дня улан удэ,2018-11-14 06:29:34,107816149,[]
216,кот ищет дом белоснежный очень дружелюбный и милый мальчик был найден на улице оставить не можем аллергия,2018-11-13 16:41:28,107816149,[]
217,,2018-11-13 11:54:43,107816149,
218,го ноября найден паспорт на имя герчикова любовь сергеевна го г р с курумкан,2018-11-13 11:35:08,107816149,[]
219,бродячие собаки и их детки боюсь скоро детки подрастут а у нас самих дети,2018-11-13 09:39:59,107816149,[]
220,они определяются для субъектов россии а не для административных округов районный коэффициент и процентная надбавка к заработной плате в связи с вхождением бурятии в дфо отменяться не будут сообщил министр экономики рб александр бардалеев сегодня в баргузинском курумканском и окинском районах бурятии установлен районный коэффициент в размере в баунтовском муйском северо байкальском районах и в городе северобайкальске в размере также жители бурятии получают процентную надбавку к зарплате в местностях приравненных к районам крайнего севера к которым в бурятии относятся муниципальных образований баргузинский курумканский окинский баунтовский муйский северо байкальский районы и город северобайкальск эта надбавка может достигать от зарплаты в остальных районах республики от зарплаты александр бардалеев объяснил на примере к примеру человек проживающий в муйском районе имеет зарплату тыс рублей с увеличением на районный коэффициент его заработок составляет тыс рублей при этом он имеет шесть лет трудового стажа из за чего имеет право на надбавку к зарплате то есть еще тыс итого зарплата должна составить тыс рублей в дальневосточном федеральном округе различные районные коэффициенты к зарплате помимо бурятии и забайкальского края установлены для чукотского автономного округа республики саха якутии магаданской камчатской сахалинской амурской областей хабаровского и приморского краев напомним ноября президент рф подписал указ о включении бурятии и забайкальского края в состав дальневосточного федерального округа,2018-11-13 08:07:51,107816149,[]
221,здравствуйте может быть кто нибудь узнает своих бабушек или дедушек это моя мама она жила в улан удэ в годах и хотелось бы узнать что это за ткацкая фабрика,2018-11-13 03:32:00,107816149,[]
222,доброй ночи улан удэ,2018-11-12 16:39:00,107816149,[]
223,в улан удэ мусоровоз смял легковушку,2018-11-12 11:24:00,107816149,[]
224,спасая планету спасаешь себя путешественник и эколог жак ив кусто,2018-11-12 07:28:06,107816149,[]
225,лед озера байкал аэросъемка,2018-11-12 06:05:00,107816149,[]
226,в мэрии улан удэ рассказали где будут отлавливать бродячих собак в ноябре в списке более улиц,2018-11-12 03:14:00,107816149,[]
227,может кто ее потерял теперь ищет,2018-11-11 16:23:09,107816149,[]
228,мои красивые,2018-11-11 12:17:14,107816149,[]
229,оцените по бальной шкале,2018-11-11 07:36:18,107816149,[]
230,уважаемые жители города молодая мама с двумя детьми оказалась в непростой ситуации срочно нужно снять жилье квартиру студию или дом с необходимой мебелью для проживания с оплатой до р район кварталов мелькомбинат акбес никольский или рядом по маршруту сама учитель работаю сколько времени ищу и наталкиваюсь на одних агентов неужели в нашем городе нет добропорядочных людей помогите кто нибудь,2018-11-10 13:25:16,107816149,[]
231,доброго дня улан удэ,2018-11-10 09:58:58,107816149,[]
232,отменить пенсионную реформу может только конституционный суд и он может всех удивить если сложится нужная композиция общественно политических факторов,2018-11-09 14:12:08,107816149,[]
233,любимый улан удэ,2018-11-09 08:42:04,107816149,[]
234,,2018-11-08 16:31:00,107816149,[]
235,в бурятии готовятся раздавать дальневосточные гектары,2018-11-08 06:11:00,107816149,[]
236,доброе утро улан удэ,2018-11-08 03:05:00,107816149,[]
237,бурятские каратисты привезли медалей с соревнований в иркутске,2018-11-07 14:17:00,107816149,[]
238,с праздником товарищи,2018-11-07 12:59:54,107816149,[]
239,свердловскую чиновницу ольгу глацких отстранили от должности после слов о молодежной госполитике,2018-11-07 07:28:00,107816149,[]
240,глава бурятии алексей цыденов о переходе рб в двфо,2018-11-07 06:01:00,107816149,[]
241,доброе утро улан удэ,2018-11-07 03:10:00,107816149,[]
242,найден котенок девочка в подъезде по ул сухэ батора б на вид месяца очень ласковая видно что ручная очень красивая к лотку приучена отдам новым хозяевам,2018-11-06 12:20:12,107816149,[]
243,узнали,2018-11-06 03:56:00,107816149,[]
244,помогите найти брата репост,2018-11-05 19:15:55,107816149,[]
245,приглашаем на стоматологические туры в хэйхэ,2018-11-05 13:52:19,107816149,[]
246,доброе утро,2018-11-05 03:19:00,107816149,[]
247,вот это поворот,2018-11-04 18:17:11,107816149,[]
248,любимый улан удэ,2018-11-04 14:08:00,107816149,[]
249,животные,2018-11-04 09:13:00,107816149,[]
250,в кафе масленица ул ленина забыли свидетельство о рождении малыша назарова демида денисовича,2018-11-03 23:12:19,107816149,[]
251,,2018-11-03 05:31:00,107816149,[]
252,очень срочно,2018-11-02 16:54:18,107816149,[]
253,доброго дня улан удэ,2018-11-02 07:43:53,107816149,[]
254,пост на удачу верю в судьбу,2018-11-02 07:18:09,107816149,[]
255,,2018-11-01 11:54:41,107816149,
256,хочувсад дайтедетямдетскийсад никтокроменас мамымогутвсе,2018-11-01 07:07:16,107816149,"['хочувсад', 'дайтедетямдетскийсад', 'никтокроменас', 'мамымогутвсе']"
257,вчера в локомотивном депо города улан удэ была украдена черная барсетка с документами на имя степанов михаил николаевич и ключами от машины просьба вернуть за вознаграждение,2018-10-31 07:57:13,107816149,[]
258,люди помогите пожалуйста,2018-10-31 06:23:35,107816149,[]
259,,2018-10-31 03:08:00,107816149,
260,в бурятии пропал летний мальчик,2018-10-30 07:18:16,107816149,[]
261,доброй ночи улан удэ,2018-10-29 17:47:12,107816149,[]
262,ретро улан удэ,2018-10-29 07:08:38,107816149,[]
263,думаю предысторию о моих найденышах вы знаете,2018-10-28 12:52:04,107816149,[]
264,доброе утро улан удэ,2018-10-28 02:33:00,107816149,[]
265,утерян паспорт на имя швецова виктория владимировна в районе сотых кварталов нашедшему просьба вернуть за вознаграждение,2018-10-27 17:24:43,107816149,[]
266,,2018-10-27 12:56:31,107816149,[]
267,в связи с плановыми ремонтными работами в электросетях и на оборудовании будет отсутствовать электроэнергия октября года,2018-10-27 06:28:00,107816149,[]
268,вчера в улан удэ прошел митинг памяти жертв политических репрессий,2018-10-27 04:10:00,107816149,[]
269,,2018-10-26 10:22:00,107816149,[]
270,доброе утро улан удэ,2018-10-26 02:10:00,107816149,[]
271,девушки и их родители будте бдительны,2018-10-23 12:19:31,107816149,[]
272,в коммерческую компанию требуются операторы на телефон пк м ж,2018-10-23 08:52:28,107816149,[]
273,на улан удэнской тэц начались работы по демонтажу старой турбины которая была пущена в эксплуатацию еще в году,2018-10-22 17:04:28,107816149,[]
274,,2018-10-22 13:32:19,107816149,
275,,2018-10-22 10:29:28,107816149,
276,здравствуйте в улан удэ появились маньяка мужчины и женщина ходят возле остановки баня рядом с шишковкой ходят там около нашли трупа мужчина женщина и два подростка будьте осторожны,2018-10-21 20:28:20,107816149,[]
277,дорогие друзья,2018-10-20 15:33:08,107816149,[]
278,здравствуйте,2018-10-18 14:26:35,107816149,[]
279,,2018-10-17 09:40:25,107816149,
280,,2018-10-16 13:58:08,107816149,[]
281,,2018-10-15 17:03:51,107816149,
282,свято одигитриевский собор гг,2018-10-14 11:15:57,107816149,[]
283,дорога улан удэ усть баргузин потрясающий вид,2018-10-13 10:22:31,107816149,[]
284,,2018-10-12 15:04:44,107816149,[]
285,в улан удэ произошла массовая драка на дороге,2018-10-12 14:19:57,107816149,[]
286,здравствуйте посоветуйте пожалуйста хорошего ветеринара,2018-10-12 11:51:37,107816149,[]
287,в улан удэ разыскивают летнюю наталью и летнего виталия салисовых которые октября ушли из школы в октябрьском районе и до настоящего времени не вернулись,2018-10-12 11:30:15,107816149,[]
288,дорогие улан удэнцы позавчера в лесу выброшенными найдены маленькие кнопочки щеночки девочки и мальчик,2018-10-11 21:19:08,107816149,[]
289,добрый вечер кто поделится информацией об магазине ермак что на проспекте строителей как там обстоит качество товара ну и цены сами из района видели рекламу по телевизору но отзывов нигде нет помогите советом спс,2018-10-11 17:38:12,107816149,[]
290,бельчонок дарит баллы,2018-10-11 15:52:40,107816149,[]
291,доброе утро улан удэ,2018-10-11 02:58:23,107816149,[]
292,доброй ночи нужны контакты гостевого дома в с ярикто там где богиня янжима поделитесь пожалуйста,2018-10-10 13:43:04,107816149,[]
293,сегодня пропала девочка ученица школы рост около см была одета в синюю куртку и белую шапку если появится какая либо информация просьба сообщить по телефону,2018-10-09 15:28:28,107816149,[]
294,здравствуйте подписчики данной группы я ищу любую информацию о своей прабабушке не просто прабабушки а заслуженного врача офтальмолога по россии екатерину михайловну никифорову я очень хочу узнать информацию о ней в улан удэ по улице профсоюзной дома расположена мемориальная доска в честь моей прабабушки если есть хоть какая то информация напишите мне пожалуйста и еще одна просьба так как я живу в городе тула можно вас попросить сфотографировать мемориальную доску и прислать мне документом в личное сообщение в вк,2018-10-09 12:23:31,107816149,[]
295,обелиск,2018-10-08 18:21:41,107816149,[]
296,турка,2018-10-07 14:29:33,107816149,[]
297,жителей улан удэ напугали огромные клубы дыма от пожара,2018-10-07 13:34:09,107816149,[]
298,бурятия забайкальский национальный парк чивыркуйский залив о бакланий скала зуб,2018-10-07 11:15:07,107816149,[]
299,красиво,2018-10-06 10:48:13,107816149,[]
300,в улан удэ массово отключат электроэнергию список улиц,2018-10-06 10:10:18,107816149,[]
301,этим летом побывал в баргузинском дацане который расположен у подножия гор на границе куйтунских степей баргузинской долины на территории дацана находится тропа ведущая к богине янжиме тиб санскр сарасвати богиней искусств наук ремесел и мудрости ее ассоциирует с чистотой невинностью и творением всего нового,2018-10-06 09:02:18,107816149,[]
302,змеиная бухта чивыркуйский залив,2018-10-06 04:05:00,107816149,[]
303,,2018-10-05 17:42:14,107816149,
304,оперный театр,2018-10-05 11:21:25,107816149,[]
305,на трассе байкал открыли движение по отремонтированным мостам,2018-10-05 10:44:40,107816149,[]
306,последний луч макушки освящая прощался с уходящим днем,2018-10-04 20:13:20,107816149,[]
307,,2018-10-04 17:15:00,107816149,[]
308,всем доброго времени суток,2018-10-04 15:15:26,107816149,[]
309,ост гормолзавод,2018-10-04 11:20:15,107816149,[]
310,,2018-10-04 10:44:31,107816149,
311,,2018-10-03 18:29:48,107816149,
312,,2018-10-03 10:33:52,107816149,[]
313,туман в улан удэ,2018-10-02 18:04:35,107816149,[]
314,выдрено,2018-10-02 14:06:13,107816149,[]
315,,2018-10-02 13:23:36,107816149,[]
316,ул куйбышева,2018-10-01 21:52:29,107816149,[]
317,вид на и дома по ул октябрьская,2018-10-01 10:46:07,107816149,[]
318,,2018-09-30 17:15:00,107816149,
319,,2018-09-30 15:58:07,107816149,[]
320,байкальский заповедник возглавил рейтинг самых экологичных туристических мест россии,2018-09-28 20:18:35,107816149,[]
321,,2018-09-28 16:38:39,107816149,
322,ночной улан удэ,2018-09-28 16:16:24,107816149,[]
323,,2018-09-27 16:28:11,107816149,[]
324,доброго времени суток не подскажете где у нас есть секции волейбола желательно на восточном буду очень признателен,2018-09-27 15:33:27,107816149,[]
325,вид на административный центр,2018-09-27 14:35:14,107816149,[]
326,в улан удэ разгорелся скандал вокруг строительства азс на левом берегу,2018-09-27 11:09:09,107816149,[]
327,доброй ночи улан удэ,2018-09-26 17:15:41,107816149,[]
328,вы пришли на нашу землю в улан удэ напали на передвижной цирк,2018-09-26 17:01:21,107816149,[]
329,прокуратура обязала привести набережную в улан удэ в порядок,2018-09-25 14:15:49,107816149,[]
330,,2018-09-25 09:14:14,107816149,[]
331,красивый закат,2018-09-24 20:33:09,107816149,[]
332,в центре улан удэ в столкновении тойот пострадала девушка,2018-09-24 17:50:02,107816149,[]
333,,2018-09-24 12:08:18,107816149,[]
334,доброй ночи улан удэ,2018-09-23 17:25:00,107816149,[]
335,красотаа,2018-09-23 16:25:00,107816149,[]
336,на трассе в бурятии в дтп погибли два человека,2018-09-23 15:40:00,107816149,[]
337,фотографы запечатлели красоты байкала,2018-09-23 14:30:01,107816149,[]
338,кинотеатр дружба,2018-09-23 12:35:42,107816149,[]
339,в улан удэ горит склад магазина автолидер,2018-09-23 11:46:57,107816149,[]
340,закатик,2018-09-23 10:23:19,107816149,[]
341,доброе утро улан удэ,2018-09-23 03:54:40,107816149,[]
342,осень в улан удэ,2018-09-22 19:34:30,107816149,[]
343,дорогие друзья прошу пару минут уделить мне и прочитать мое сообщение,2018-09-22 17:09:58,107816149,[]
344,,2018-09-22 10:12:40,107816149,[]
345,в горах уже снег,2018-09-21 13:56:25,107816149,[]
346,в улан удэ затопило пятиэтажку,2018-09-21 10:23:22,107816149,[]
347,здравствуйте кто знает отопление включили на пентагоне норильская,2018-09-21 09:03:58,107816149,[]
348,село ярикта в баргузинском районе бурятии вошло в число самых красивых деревень россии,2018-09-20 19:00:59,107816149,[]
349,,2018-09-19 09:09:25,107816149,[]
350,в улан удэнской школе где обвалился потолок укрепили перегородки,2018-09-19 08:27:16,107816149,[]
351,вид на ночной улан удэ,2018-09-18 19:27:53,107816149,[]
352,все мы денежно зависимы и хотим иметь свои личные деньги,2018-09-18 16:14:17,107816149,[]
353,в улан удэ из за бешеной лисицы придется прививать всех животных,2018-09-18 15:51:52,107816149,[]
354,,2018-09-18 14:21:33,107816149,
355,ищу попутчика для бабушки улан удэ москва рейс авиакомпании начало октября доставим аэропорт улан удэ встретим в москве мама в возрасте боязно одну отпускать буду очень признательна,2018-09-18 14:09:55,107816149,[]
356,доброе утро улан удэ,2018-09-18 02:56:58,107816149,[]
357,открыта касса цирка,2018-09-17 05:00:02,107816149,[]
358,кругобайкальская железная дорога,2018-09-16 12:16:27,107816149,[]
359,доброе солнечное утро всем срочно нужна помощь есть знакомые установщики окон человек с которым договаривались вчера не пришел и трубку не берет а ремонт встал работы не много надо вскрыть запенить и потом закрыть откосы и подоконник на одном окне буду оочень признательна за помощь,2018-09-15 14:49:05,107816149,[]
360,,2018-09-13 13:46:51,107816149,
361,фото,2018-09-13 11:35:40,107816149,[]
362,цыренжап бадмаев из улан удэ никогда не занимался единоборствами но став свидетелем ограбления салона сотовой связи он не остался в стороне молодой сибиряк преградил путь преступнику и смог его скрутить,2018-09-12 19:17:44,107816149,[]
363,,2018-09-12 13:06:04,107816149,
364,добрый вечер подскажите пожалуйста где можно купить большого плюшевого медведя как можно дешевле,2018-09-11 14:45:08,107816149,[]
365,машина мэра улан удэ попала в аварию,2018-09-11 10:53:17,107816149,[]
366,открыта бронь билетов,2018-09-10 10:59:37,107816149,[]
367,добрый день,2018-09-09 17:24:56,107816149,[]
368,народ добрый день есть у кого нибудь все видео концерта дня города в улан удэ,2018-09-09 14:22:34,107816149,[]
369,,2018-09-09 11:36:18,107816149,[]
370,салют был супер,2018-09-08 20:25:00,107816149,[]
371,,2018-09-08 19:49:05,107816149,
372,,2018-09-08 18:46:41,107816149,
373,с днем рождения любимый город,2018-09-08 14:09:04,107816149,[]
374,с днем рождения у у,2018-09-08 11:54:35,107816149,[]
375,,2018-09-08 11:23:49,107816149,
376,с днем рождения улан удэ,2018-09-08 10:12:42,107816149,[]
377,без единого фильтра,2018-09-08 09:48:42,107816149,[]
378,это пробка с лицея до бабушкино весь мост в пробке,2018-09-07 15:45:01,107816149,[]
379,в улан удэ горит салон ритуальных услуг,2018-09-07 15:00:10,107816149,[]
380,завораживающая тропа предков после грозы бурятия,2018-09-07 14:42:06,107816149,[]
381,ул ербанова и пр т ти летия октября,2018-09-07 09:40:55,107816149,[]
382,этаж как красиво там,2018-09-06 19:52:20,107816149,[]
383,байкал безымянное,2018-09-06 18:28:02,107816149,[]
384,работаю в сельской школе в этом году наша школа празднует столетний юбилей мы активно готовимся к этому важному событию и есть у нас одна задумка которую мы сможем воплотить только с твоей помощью администратор группы улан удэ,2018-09-06 17:58:13,107816149,[]
385,,2018-09-06 14:54:21,107816149,[]
386,дацан с которого видно весь город,2018-09-06 13:20:30,107816149,[]
387,фото,2018-09-06 12:01:51,107816149,[]
388,в улан удэ по улице разгуливала голая женщина,2018-09-05 15:13:02,107816149,[]
389,любимый город мой,2018-09-05 11:54:10,107816149,[]
390,озеро щучье,2018-09-05 07:25:30,107816149,[]
391,,2018-09-05 00:50:55,107816149,
392,байкал,2018-09-04 15:18:31,107816149,[]
393,,2018-09-04 07:56:56,107816149,
394,,2018-09-03 18:36:00,107816149,
395,новый арбат,2018-09-03 17:10:52,107816149,[]
396,,2018-09-03 11:39:43,107816149,
397,,2018-09-03 10:43:03,107816149,
398,,2018-09-02 17:49:45,107816149,[]
399,,2018-09-02 10:40:12,107816149,[]
400,здравствуйте подскажите куда можно поступить в улан уде после сентября где идет еще набор,2018-09-01 13:42:33,107816149,[]
401,,2018-08-31 18:04:51,107816149,
402,чивыркуйский залив,2018-08-31 17:09:13,107816149,[]
403,здравствуйте подскажите пожалуйста куда можно съездить в бурятии отдохнуть места достопримечательности посмотреть мы сами не местные приезжаем в конце августа,2018-08-30 21:53:16,107816149,[]
404,красота,2018-08-30 20:10:45,107816149,[]
405,чивыркуйский залив,2018-08-29 19:05:02,107816149,[]
406,,2018-08-29 17:36:10,107816149,[]
407,вот наш любимый байкал,2018-08-28 18:28:05,107816149,[]
408,,2018-08-28 13:24:48,107816149,
409,,2018-08-26 17:45:00,107816149,
410,добрый день я сам не местный посоветуйте пожалуйста какое нибудь уютное место где можно посидеть и поработать с ноутбуком главное чтобы было спокойное место,2018-08-26 16:58:22,107816149,[]
411,фото,2018-08-25 19:24:59,107816149,[]
412,,2018-08-24 14:29:48,107816149,
413,здравствуйте подскажите пожалуйста где в улан удэ взять детское автокресло на прокат,2018-08-23 13:09:21,107816149,[]
414,здравствуйте подскажите пожалуйста где можно заказать багажник для хайса в улан удэ,2018-08-22 11:16:56,107816149,[]
415,байкал о ольхон,2018-08-20 00:08:17,107816149,[]
416,фото,2018-08-18 12:17:05,107816149,[]
417,в улан удэ трамвай пробил ладу,2018-08-17 11:35:56,107816149,[]
418,потерялась кошка те кто видел ее пожалуйста сообщите,2018-08-16 20:44:14,107816149,[]
419,здравствуйте подскажите пож ста номер телефона автовокзала,2018-08-16 12:15:53,107816149,[]
420,гусиное озеро начало июня,2018-08-14 10:53:41,107816149,[]
421,щучье озеро,2018-08-13 19:16:36,107816149,[]
422,сейчас во многих городах потопы спасательница во время помощи пострадавшим засняла удивительный кадр обычная собака спасает испуганного котенка и бережно плывет к берегу,2018-08-11 16:12:00,107816149,[]
423,всем привет,2018-08-11 15:05:49,107816149,[]
424,пробка в сторону автомобилистов,2018-08-11 11:52:16,107816149,[]
425,здравствуйте скоро будет фестиваль красок кто знает когда и где,2018-08-10 18:11:05,107816149,[]
426,доброе утро улан удэ,2018-08-09 22:46:33,107816149,[]
427,дворы улан удэнцев топит после ремонта дороги,2018-08-08 09:35:44,107816149,[]
428,анонимно плиз,2018-08-07 19:24:59,107816149,[]
429,фото,2018-08-07 16:20:24,107816149,[]
430,горячинск,2018-08-06 16:34:07,107816149,[]
431,закат на байкале,2018-08-06 09:08:18,107816149,[]
432,вечерний байкал,2018-08-05 17:33:14,107816149,[]
433,лето,2018-08-04 11:15:13,107816149,[]
434,день вдв вся празднует страна,2018-08-02 13:30:43,107816149,[]
435,озеро байкал одно из чудес света как у всякого уникального явления природы у байкала много имен бай куль богатое озеро бай гал богатый огнем бейгал далай озеро море а еще ламу священное море работа галины петровой приятного просмотра,2018-07-31 12:54:48,107816149,[]
436,,2018-07-31 04:40:00,107816149,
437,всем привет знаете где в уланде есть скейтпарки кроме детских горок на юбилейном,2018-07-30 19:41:22,107816149,[]
438,,2018-07-30 17:27:27,107816149,
439,байкал,2018-07-30 10:53:51,107816149,[]
440,,2018-07-28 19:09:00,107816149,
441,добрый вечер будем проездом в вашем городе подскажите куда можно сходить в вашем городе что нибудь интересное,2018-07-27 21:23:09,107816149,[]
442,,2018-07-26 21:19:47,107816149,
443,в улан удэ появится новых детсадов,2018-07-26 14:17:01,107816149,[]
444,куплю роутеры как на фото,2018-07-26 10:01:29,107816149,[]
445,всем привет,2018-07-25 17:29:04,107816149,[]
446,байкальский прибой,2018-07-25 14:00:06,107816149,[]
447,опрос,2018-07-24 22:25:57,107816149,[]
448,,2018-07-23 12:21:54,107816149,
449,закат лысая гора,2018-07-22 19:00:27,107816149,[]
450,здравствуйте есть ли в улан удэ владельцы биглей,2018-07-22 15:51:10,107816149,[]
451,всем привет подскажите хорошую гостиницу не далеко от вокзала,2018-07-21 11:25:20,107816149,[]
452,ул ербанова,2018-07-20 16:21:59,107816149,[]
453,,2018-07-20 11:35:00,107816149,
454,в улан удэ из за ливней введен режим повышенной готовности,2018-07-20 11:11:48,107816149,[]
455,кижинга,2018-07-19 19:08:31,107816149,[]
456,в улан удэ ремонтируют дорогу к станции дивизионной,2018-07-19 10:33:45,107816149,[]
457,закат над удой,2018-07-17 21:44:49,107816149,[]
458,здравствуйте завтра буду проездом в у у дайте пожалуйста номера такси и какую порекомендуете гостиницу с приемлемыми ценами,2018-07-17 12:04:36,107816149,[]
459,здравствуйте в конце июля мы будем снимать видео про неформальные места улан уде клубы еда развлечения посоветуйте не туристические места,2018-07-16 19:26:23,107816149,[]
460,турка,2018-07-16 18:45:04,107816149,[]
461,,2018-07-16 13:00:35,107816149,
462,великий байкал,2018-07-16 12:32:19,107816149,[]
463,шишковка,2018-07-15 15:51:41,107816149,[]
464,всем здравствуйте хотела бы рассказать о своем впечатление о городе улан удэ,2018-07-15 12:11:22,107816149,[]
465,ночная прогулка по городу,2018-07-14 15:23:33,107816149,[]
466,всем здравствуйте подскажите пожалуйста хорошее не дорогое караоке в вашем городе приеду отдохнуть хочется сходить по петь,2018-07-14 13:06:32,107816149,[]
467,,2018-07-14 11:42:47,107816149,
468,июля в часов мы собираем митинг в парке юбилейный возле главного входа где фонтан с требованием справедливого расследования гибели в пожаре днс нашего сына брата друга батуева максима,2018-07-13 10:24:01,107816149,[]
469,,2018-07-12 19:48:09,107816149,
470,,2018-07-12 15:29:29,107816149,
471,,2018-07-12 10:56:10,107816149,
472,здравствуйте подскажите пожалуйста есть ли у вас салоны живых цветов с доставкой,2018-07-12 03:42:22,107816149,[]
473,,2018-07-11 23:46:04,107816149,
474,,2018-07-11 10:00:54,107816149,
475,,2018-07-11 00:05:53,107816149,
476,авиазавод,2018-07-09 13:25:26,107816149,[]
477,в бурятии едва не уничтожили лес возле единственного в улусе ручья,2018-07-08 16:56:31,107816149,[]
478,,2018-07-07 10:47:51,107816149,
479,,2018-07-06 16:58:19,107816149,
480,,2018-07-05 16:20:01,107816149,
481,в подъезде дома в улан удэ поселилась корова,2018-07-05 15:53:44,107816149,[]
482,,2018-07-05 14:00:11,107816149,
483,кижингинский район,2018-07-05 09:08:07,107816149,[]
484,слишком грязный воздух и как же будут решать эту проблему,2018-07-04 14:36:48,107816149,[]
485,,2018-07-03 17:35:00,107816149,
486,бурятский государственный сельскохозяйственный институт,2018-07-03 17:25:13,107816149,[]
487,,2018-07-03 15:57:40,107816149,
488,люди сегодня решили с семьей съездить на байкал приехали значит мы на пески водичка бодрящая было все отлично пока мы не увидили труп нерпы ладно там подумали случайность что попался труп но осмотрев берег мы нашли еще трупов что люди сделали с экологией байкала это просто ужас,2018-07-02 11:40:28,107816149,[]
489,всех с победой,2018-07-01 20:09:18,107816149,[]
490,усть баргузин,2018-07-01 11:41:29,107816149,[]
491,вид на столичную улицу от клуба рассвет,2018-06-30 11:35:02,107816149,[]
492,,2018-06-30 05:00:01,107816149,
493,доброе утро улан удэ,2018-06-29 04:05:00,107816149,[]
494,красота байкала,2018-06-28 11:06:40,107816149,[]
495,,2018-06-28 05:00:01,107816149,
496,доброе утро улан удэ,2018-06-28 04:05:00,107816149,[]
497,байкал,2018-06-27 14:14:36,107816149,[]
498,турка вид с маяка,2018-06-27 09:42:22,107816149,[]
499,спектакль зановородиться на большом экране в улан удэ,2018-06-27 06:00:03,107816149,['зановородиться']
500,доброе утро улан удэ,2018-06-27 04:05:00,107816149,[]
501,,2018-06-26 18:17:27,107816149,
502,нурселение,2018-06-25 13:55:00,107816149,[]
503,июля состоится тур выходного дня из улан удэ на горячие источники бухты змеевая в чивыркуйский залив,2018-06-25 12:53:02,107816149,[]
504,,2018-06-25 12:34:43,107816149,
505,здравствуйте,2018-06-23 12:15:01,107816149,[]
506,с высоты птичьего полета,2018-06-23 11:38:00,107816149,[]
507,река селенга,2018-06-22 19:14:14,107816149,[]
508,,2018-06-20 20:20:58,107816149,[]
509,,2018-06-20 17:01:00,107816149,
510,лето время драйва и приключений,2018-06-20 16:00:03,107816149,[]
511,июня состоится тур выходного дня на горячие источники бухты змеевая в чивыркуйский залив,2018-06-20 12:25:00,107816149,[]
512,,2018-06-20 12:05:47,107816149,
513,,2018-06-19 17:20:09,107816149,
514,,2018-06-18 12:22:30,107816149,
515,,2018-06-17 11:25:46,107816149,
516,здравствуйте скажите пожалуйста где можно прыгнуть с парашютом в у у,2018-06-16 11:27:58,107816149,[]
517,июня в районе поселка аршан пропал кот рыжего цвета возраст кота год помогите пожалуйста отпишитесь может кто видел репост,2018-06-15 14:26:55,107816149,[]
518,после первого тайма матча против саудовской аравии сборная россии лидирует со счетом,2018-06-14 19:00:55,107816149,[]
519,в улан удэ выстроили гигантскую россию из автомобилей,2018-06-13 12:42:09,107816149,[]
520,хотела бы написать пост о наших правоохранительных органах а точнее о октябрьском отделе речь пойдет о том что наша полиция совсем не уважает людей и действует бесправно вот произошел случай со мной и моим молодым человеком купили телефон с рук оказался краденным о чем мы не знали выложили телефон на продажу хозяин телефона увидел на сайте продаж свой телефон сообщил об этом в полицию приехала полиция без всяких объяснений насильно забрали нас в отделение начали угрожать и избили моего молодого человека хотели повесить кражу на нас потом появилось видио что телефон был украден другими людьми не сказав нам никаких извинений нас просто выгнали с отделения мы нормальные адекватные люди почему такой беспредел происходит в нашей полиции и куда можно обратиться анонимно пожалуйста,2018-06-12 19:55:27,107816149,[]
521,,2018-06-12 15:50:51,107816149,
522,с праздником улан удэ,2018-06-12 09:43:13,107816149,[]
523,,2018-06-11 19:31:12,107816149,
524,,2018-06-11 12:06:29,107816149,[]
525,фото,2018-06-10 13:33:47,107816149,[]
526,у у,2018-06-09 17:40:00,107816149,[]
527,борица из бурятии выиграла первенство европы,2018-06-09 17:10:00,107816149,[]
528,крыша,2018-06-09 16:20:00,107816149,[]
529,улан удэнцы признаются в любви на огромных билбордах,2018-06-09 15:20:00,107816149,[]
530,погорельцы в пригороде улан удэ остались без крова и работы,2018-06-09 14:06:20,107816149,[]
531,,2018-06-09 12:12:38,107816149,[]
532,,2018-06-08 13:01:03,107816149,
533,,2018-06-07 14:17:16,107816149,[]
534,,2018-06-05 16:20:00,107816149,
535,из за учений оцепили центр улан удэ,2018-06-05 15:25:00,107816149,[]
536,левый берег,2018-06-05 14:29:44,107816149,[]
537,,2018-06-05 11:15:59,107816149,
538,виадук набережная,2018-06-04 13:22:44,107816149,[]
539,мост селенга,2018-06-03 10:39:33,107816149,[]
540,,2018-06-02 10:53:12,107816149,[]
541,виадук,2018-06-01 10:44:03,107816149,[]
542,,2018-05-31 18:56:49,107816149,[]
543,,2018-05-30 11:39:13,107816149,[]
544,любимый,2018-05-29 11:24:04,107816149,[]
545,,2018-05-28 15:04:42,107816149,
546,ул ербанова и пр т ти летия октября,2018-05-28 08:49:19,107816149,[]
547,виадук,2018-05-27 11:07:20,107816149,[]
548,любимый город это центр,2018-05-27 09:01:30,107816149,[]
549,доброй ночи улан удэ,2018-05-26 16:45:00,107816149,[]
550,остановка маршрутных такси на площади революции,2018-05-26 16:00:09,107816149,[]
551,борцы из бурятии завоевали три медали на студенческом чемпионате россии,2018-05-26 15:05:00,107816149,[]
552,,2018-05-26 13:45:00,107816149,[]
553,жителей бурятии через социальные сети призывают протестовать против подорожания бензина,2018-05-26 12:25:00,107816149,[]
554,в улан удэ автомобиль с пятью пассажирами сорвался с горы,2018-05-26 11:20:22,107816149,[]
555,маршзавод,2018-05-26 05:05:00,107816149,[]
556,соц плакат кто согласен лайк,2018-05-25 13:57:22,107816149,[]
557,,2018-05-25 10:56:49,107816149,[]
558,в улан удэ откроется парк здоровья мая в парке пройдут различные мероприятия,2018-05-24 14:56:28,107816149,[]
559,,2018-05-24 12:42:34,107816149,[]
560,в улан удэ пожаров произошло в днт,2018-05-24 05:40:00,107816149,[]
561,доброе утро улан удэ,2018-05-24 03:46:17,107816149,[]
562,,2018-05-23 19:22:08,107816149,[]
563,,2018-05-23 14:09:18,107816149,
564,кто нибудь знает нам в центре города горячую воду вообще дадут или нет или что вообще уже происходит советский район вообще не включат надоело,2018-05-22 10:49:14,107816149,[]
565,доброе утро улан удэ,2018-05-22 03:15:00,107816149,[]
566,хороший вечер в хорошем городе здраствуй у у,2018-05-21 16:45:00,107816149,[]
567,,2018-05-21 15:35:00,107816149,[]
568,в улан удэ пьяный водитель снес столб,2018-05-21 14:40:00,107816149,[]
569,один наверное из последних фото здания кинотеатра октябрь фото г сделано мною за несколько дней до начала его сноса,2018-05-21 13:25:00,107816149,[]
570,в улан удэ ураганный ветер ронял деревья на автомобили и провода,2018-05-21 11:45:00,107816149,[]
571,в улан удэ устраняют последствия шторма и града,2018-05-21 10:47:22,107816149,[]
572,доброе утро улан удэ,2018-05-21 03:58:43,107816149,[]
573,байкал с космоса,2018-05-20 16:43:14,107816149,[]
574,с колеса обозрения,2018-05-20 12:15:39,107816149,[]
575,доброе утро улан удэ,2018-05-19 05:20:00,107816149,[]
576,без эффектов,2018-05-18 17:13:30,107816149,[]
577,внимание розыск мая г пропал без вести раднаев алдар жаргалович г р азиат уроженец с гутай бичурского района в последний раз его видели на территории трц пионер шел в сторону народного рынка по набережной был одет в оранжевую толстовку без капюшона розовую футболку и черные штаны кроссовки черные с белыми полосами особые приметы черные волосы с заметной сиденой худощавого телосложения хромает на одну ногу сильно размахивает руками на лице фингал просьба если кто то знает хоть какую то информацию о нем сообщить по номеру или позвонить в полицию,2018-05-18 13:15:58,107816149,[]
578,дацан на лысой горе,2018-05-18 12:45:06,107816149,[]
579,бесплатный тренинг как начать бизнес без финансовых вложений,2018-05-18 11:00:12,107816149,[]
580,,2018-05-18 09:58:45,107816149,[]
581,в улан удэ вандалы разбили вазоны у мемориала победы,2018-05-17 13:35:13,107816149,[]
582,вот и багульник расцвел улан удэ,2018-05-17 13:13:37,107816149,[]
583,улан удэ с колеса обозрения,2018-05-17 11:57:20,107816149,[]
584,тэц дымит,2018-05-16 19:35:00,107816149,[]
585,поселок восточный,2018-05-15 13:18:59,107816149,[]
586,турка красота камней,2018-05-15 11:40:28,107816149,[]
587,интересно когда нас будут информировать о запланированных отключениях электроэнергии или горячей холодной воды а то они там что то планируют себе а мы узнаем по факту неужели так сложно развесить объявления в прошлом году ведь так делали и это хоть немного облегчало жизнь у нас маленький ребенок и такие запланированные неожиданности доставляют массу хлопот пожалуйста проявите к нам хоть капельку уважения,2018-05-14 16:43:40,107816149,[]
588,набережная,2018-05-14 14:33:45,107816149,[]
589,станция мостовой,2018-05-14 12:04:38,107816149,[]
590,набережная на закате,2018-05-14 10:52:29,107816149,[]
591,дацан ринпоче багша лысая гора,2018-05-14 09:05:01,107816149,[]
592,на окраине улан удэ потушили пожар в лесу,2018-05-14 06:45:00,107816149,[]
593,ребят подскажите с улан удэ едут какие ниб быстрые маршрутки до байкала поездом сдесь есть сегодня единственный день когда предоставилась возможность сгонять на озерушко дайте пожалуйста советы как добраться и куда лучше и быстрее,2018-05-14 05:35:00,107816149,[]
594,баргузинский район,2018-05-14 05:15:00,107816149,[]
595,доброе утро улан удэ,2018-05-14 03:57:28,107816149,[]
596,стекольный завод,2018-05-13 11:01:56,107816149,[]
597,мая около пяти часов вечера пропала собака породы пекинес пропала в таежном свидетели видели как молодой человек азиатской внешности пронес собаку в сторону остановки км спиртзаводской трассы пожалуйста очень прошу вернуть любимого питомца домой вознаграждение гарантирую при любой информации звонить,2018-05-12 17:10:00,107816149,[]
598,улан удэнцам разрешили отдыхать на комсомольском и богородском,2018-05-12 16:37:07,107816149,[]
599,доброе утро улан удэ,2018-05-12 03:56:10,107816149,[]
600,,2018-05-11 16:59:38,107816149,[]
601,в бурятии похороны летнего дамира состоятся в воскресенье,2018-05-11 13:25:00,107816149,[]
602,пропавший в бурятии летний дамир найден мертвым,2018-05-11 12:38:10,107816149,[]
603,,2018-05-10 19:46:54,107816149,[]
604,,2018-05-10 11:29:48,107816149,[]
605,доброе утро улан удэ,2018-05-10 04:05:46,107816149,[]
606,с днем великой победы улан удэ,2018-05-09 04:16:03,107816149,[]
607,тамчинский дацан селенгинский район с по год резиденция пандито хамбо лам памятник истории и архитектуры,2018-05-08 15:45:00,107816149,[]
608,как в улан удэ будут праздновать день победы,2018-05-08 14:35:00,107816149,[]
609,,2018-05-08 13:15:00,107816149,
610,в улан удэ прошел городской митинг посвященный дню победы,2018-05-08 12:04:24,107816149,[]
611,соц плакат отметь мая трезво не позорь память победы,2018-05-07 16:14:42,107816149,[]
612,внимание помогите потерялся мальчик года в поселье на конечной ки может кто видел,2018-05-07 12:12:47,107816149,[]
613,,2018-05-06 16:22:35,107816149,
614,красота природы,2018-05-05 16:19:54,107816149,[]
615,,2018-05-04 18:20:24,107816149,
616,,2018-05-03 20:55:17,107816149,
617,люди подскажите где есть частные детские сады до поздна которые работают заранее спасибо админу всего хорошего,2018-05-03 19:41:33,107816149,[]
618,,2018-05-03 10:42:17,107816149,
619,,2018-05-02 12:20:13,107816149,
620,анон пж,2018-05-01 16:04:35,107816149,[]
621,всех с праздником весны дорогие жители и гости нашей бурятии мира и процветания,2018-05-01 11:39:36,107816149,[]
622,доброе утро улан удэ,2018-05-01 04:18:27,107816149,[]
623,,2018-04-30 16:33:35,107816149,
624,,2018-04-30 14:17:16,107816149,
625,,2018-04-29 12:25:35,107816149,[]
626,новую взлетку в аэропорту улан удэ откроют летом,2018-04-28 17:30:02,107816149,[]
627,в улан удэ полицейские спасли двух детей от падения из окна,2018-04-28 16:48:05,107816149,[]
628,место основания города,2018-04-28 11:53:47,107816149,[]
629,доброе утро улан удэ,2018-04-28 04:25:00,107816149,[]
630,,2018-04-27 16:25:06,107816149,
631,в улан удэ выбросы от печей частного сектора за года выросли в раза,2018-04-27 12:43:17,107816149,[]
632,тонн ленина,2018-04-27 11:56:10,107816149,[]
633,,2018-04-26 17:16:13,107816149,[]
634,,2018-04-26 13:49:21,107816149,
635,я люблю закаты,2018-04-25 22:05:00,107816149,[]
636,,2018-04-25 21:11:43,107816149,[]
637,,2018-04-24 17:15:11,107816149,[]
638,,2018-04-24 16:02:54,107816149,
639,,2018-04-23 12:53:27,107816149,
640,,2018-04-22 15:06:25,107816149,
641,,2018-04-20 19:26:13,107816149,[]
642,,2018-04-20 14:33:24,107816149,
643,в улан удэ после болезни скончался бывший спикер хурала бурятии александр лубсанов,2018-04-20 13:43:17,107816149,[]
644,,2018-04-20 12:37:03,107816149,
645,,2018-04-19 19:24:07,107816149,
646,,2018-04-19 17:40:29,107816149,[]
647,,2018-04-18 19:48:36,107816149,
648,доходы мэра улан удэ вновь выросли,2018-04-18 13:15:42,107816149,[]
649,бегущая лань,2018-04-18 11:56:13,107816149,[]
650,,2018-04-17 19:12:45,107816149,[]
651,прибайкальский район горячинск,2018-04-17 16:51:13,107816149,[]
652,баргузинский район село хилгана,2018-04-15 12:20:26,107816149,[]
653,театр оперы и балета,2018-04-14 14:37:01,107816149,[]
654,с днем космонавтики,2018-04-12 12:07:27,107816149,[]
655,,2018-04-11 11:35:59,107816149,
656,театр оперы и балета,2018-04-10 11:07:54,107816149,[]
657,дивизионная,2018-04-09 11:36:11,107816149,[]
658,с праздником светлой пасхи улан удэ,2018-04-08 11:28:29,107816149,[]
659,закаты и рассвет в городе,2018-04-05 14:44:56,107816149,[]
660,байкал остров огой,2018-04-04 11:45:53,107816149,[]
661,автомобили на площади советов,2018-04-03 11:33:08,107816149,[]
662,любовь в городе в улан удэ парочку обуяла страсть прямо на проезжей части,2018-04-02 12:26:09,107816149,[]
663,вид байкал с косы на курорте култушная,2018-04-01 12:57:41,107816149,[]
664,максимиха улан удэ,2018-03-31 13:11:07,107816149,[]
665,в центре улан удэ возложили цветы в память о погибших в кемерове,2018-03-27 17:05:00,107816149,[]
666,владимир путин объявил марта в россии днем траура по погибшим при пожаре в тц зимняя вишня,2018-03-27 15:47:53,107816149,[]
667,фото,2018-03-27 12:10:08,107816149,[]
668,вид на столичную улицу от клуба рассвет,2018-03-22 10:54:58,107816149,[]
669,улан удэ тонет в лужах и грязи,2018-03-20 11:16:30,107816149,[]
670,королевство разбитых зеркал байкал,2018-03-19 20:33:22,107816149,[]
671,байкал вошел в тройку визитных карточек россии,2018-03-17 12:16:12,107816149,[]
672,петропавловка красота,2018-03-16 12:46:42,107816149,[]
673,доброе утро улан удэ,2018-03-13 03:35:00,107816149,[]
674,пожар от которого задыхается улан удэ обещали потушить сегодня,2018-03-12 17:01:23,107816149,[]
675,ул ербанова и пр т ти летия октября,2018-03-12 11:30:49,107816149,[]
676,доброе утро улан удэ,2018-03-11 04:46:41,107816149,[]
677,в улан удэ испекли самый большой в россии торт,2018-03-10 14:45:00,107816149,[]
678,,2018-03-10 12:26:34,107816149,
679,доброе утро улан удэ,2018-03-10 04:30:00,107816149,[]
680,зимний байкал красота,2018-03-08 10:55:41,107816149,[]
681,,2018-03-08 10:51:14,107816149,[]
682,в улан удэ пассажирок трамвая поздравили с марта,2018-03-08 10:39:00,107816149,[]
683,с праздником улан удэ,2018-03-08 10:34:17,107816149,[]
684,,2018-03-08 10:27:50,107816149,[]
